390880 	 268 	 244 	 302
390881 	 250 	 252 	 248
390882 	 400 	 332 	 268
390883 	 74 	 248 	 250
390884 	 76 	 268 	 250
390885 	 228 	 76 	 250
390886 	 264 	 80 	 274
390887 	 266 	 76 	 274
390888 	 118 	 80 	 270
390889 	 76 	 264 	 248
390890 	 270 	 78 	 274
390891 	 268 	 80 	 274
390892 	 400 	 80 	 82
390893 	 266 	 244 	 252
390894 	 244 	 80 	 84
390895 	 268 	 78 	 276
390896 	 262 	 76 	 282
390897 	 76 	 78 	 276
390898 	 74 	 76 	 274
390899 	 270 	 74 	 1428
390900 	 262 	 78 	 274
390901 	 268 	 78 	 250
390902 	 76 	 80 	 276
390903 	 268 	 78 	 270
390904 	 268 	 78 	 278
390905 	 80 	 76 	 276
390906 	 76 	 76 	 272
390907 	 262 	 78 	 274
390908 	 264 	 76 	 274
390909 	 266 	 242 	 250
390910 	 1254 	 76 	 82
390911 	 268 	 76 	 276
390912 	 270 	 78 	 252
390913 	 74 	 76 	 270
390914 	 266 	 80 	 274
390915 	 270 	 78 	 270
390916 	 268 	 76 	 82
390917 	 238 	 76 	 82
390918 	 266 	 76 	 270
390919 	 266 	 76 	 270
390920 	 80 	 78 	 270
390921 	 652 	 76 	 270
390922 	 268 	 76 	 272
390923 	 246 	 76 	 82
390924 	 80 	 78 	 270
390925 	 266 	 78 	 272
390926 	 246 	 74 	 78
390927 	 140 	 76 	 82
390928 	 70 	 78 	 274
390929 	 260 	 78 	 274
390930 	 266 	 76 	 272
390931 	 78 	 76 	 80
390932 	 76 	 264 	 252
390933 	 264 	 76 	 272
390934 	 268 	 80 	 274
390935 	 268 	 82 	 82
390936 	 244 	 78 	 78
390937 	 266 	 76 	 274
390938 	 268 	 76 	 274
390939 	 78 	 76 	 276
390940 	 74 	 78 	 272
390941 	 268 	 78 	 270
390942 	 1102 	 74 	 80
390943 	 264 	 244 	 254
390944 	 264 	 76 	 80
390945 	 270 	 78 	 270
390946 	 266 	 76 	 276
390947 	 80 	 266 	 246
390948 	 268 	 80 	 274
390949 	 270 	 76 	 274
390950 	 262 	 80 	 80
390951 	 78 	 76 	 252
390952 	 270 	 76 	 80
390953 	 344 	 78 	 270
390954 	 268 	 76 	 80
390955 	 244 	 76 	 80
390956 	 266 	 76 	 272
390957 	 264 	 78 	 274
390958 	 78 	 74 	 268
390959 	 266 	 78 	 268
390960 	 268 	 76 	 268
390961 	 244 	 76 	 80
390962 	 78 	 76 	 274
390963 	 262 	 78 	 1190
390964 	 268 	 76 	 270
390965 	 264 	 76 	 80
390966 	 242 	 76 	 80
390967 	 266 	 74 	 282
390968 	 264 	 80 	 276
390969 	 74 	 76 	 274
390970 	 74 	 76 	 268
390971 	 264 	 74 	 80
390972 	 266 	 76 	 270
390973 	 268 	 76 	 274
390974 	 960 	 76 	 82
390975 	 272 	 80 	 276
390976 	 266 	 78 	 276
390977 	 78 	 76 	 272
390978 	 262 	 74 	 270
390979 	 268 	 76 	 278
390980 	 266 	 74 	 78
390981 	 266 	 74 	 82
390982 	 268 	 76 	 274
390983 	 266 	 80 	 274
390984 	 74 	 268 	 250
390985 	 242 	 74 	 82
390986 	 270 	 76 	 272
390987 	 74 	 76 	 82
390988 	 72 	 72 	 272
390989 	 264 	 76 	 80
390990 	 268 	 74 	 274
390991 	 264 	 74 	 274
390992 	 268 	 76 	 82
390993 	 268 	 78 	 272
390994 	 266 	 78 	 248
390995 	 78 	 76 	 1288
390996 	 262 	 74 	 272
390997 	 268 	 76 	 272
390998 	 246 	 74 	 82
390999 	 278 	 78 	 82
391000 	 264 	 76 	 274
391001 	 264 	 80 	 272
391002 	 76 	 76 	 274
391003 	 76 	 78 	 80
391004 	 270 	 76 	 274
391005 	 264 	 76 	 272
391006 	 74 	 80 	 550
391007 	 76 	 76 	 80
391008 	 262 	 82 	 270
391009 	 266 	 78 	 268
391010 	 264 	 76 	 270
391011 	 264 	 76 	 84
391012 	 266 	 76 	 272
391013 	 264 	 76 	 250
391014 	 76 	 76 	 274
391015 	 266 	 78 	 84
391016 	 268 	 80 	 272
391017 	 92 	 78 	 80
391018 	 74 	 76 	 272
391019 	 266 	 80 	 274
391020 	 264 	 74 	 274
391021 	 78 	 80 	 82
391022 	 70 	 74 	 270
391023 	 262 	 78 	 272
391024 	 266 	 80 	 272
391025 	 78 	 76 	 272
391026 	 266 	 80 	 268
391027 	 268 	 78 	 1152
391028 	 270 	 78 	 270
391029 	 74 	 78 	 274
391030 	 76 	 74 	 270
391031 	 266 	 78 	 272
391032 	 268 	 76 	 276
391033 	 74 	 266 	 248
391034 	 268 	 80 	 272
391035 	 264 	 76 	 270
391036 	 76 	 78 	 270
391037 	 72 	 76 	 274
391038 	 824 	 76 	 274
391039 	 262 	 76 	 270
391040 	 76 	 76 	 276
391041 	 268 	 76 	 272
391042 	 266 	 78 	 268
391043 	 264 	 76 	 80
391044 	 242 	 78 	 82
391045 	 264 	 80 	 272
391046 	 270 	 76 	 268
391047 	 72 	 76 	 272
391048 	 74 	 76 	 78
391049 	 262 	 78 	 276
391050 	 262 	 78 	 274
391051 	 262 	 78 	 272
391052 	 268 	 76 	 82
391053 	 268 	 78 	 272
391054 	 268 	 76 	 250
391055 	 74 	 78 	 272
391056 	 264 	 80 	 272
391057 	 264 	 80 	 274
391058 	 264 	 78 	 82
391059 	 266 	 78 	 78
391060 	 266 	 76 	 270
391061 	 266 	 74 	 268
391062 	 212 	 78 	 272
391063 	 78 	 78 	 276
391064 	 266 	 78 	 84
391065 	 266 	 78 	 268
391066 	 268 	 78 	 78
391067 	 266 	 78 	 84
391068 	 266 	 76 	 274
391069 	 270 	 80 	 276
391070 	 80 	 466 	 254
391071 	 266 	 76 	 270
391072 	 266 	 80 	 270
391073 	 270 	 78 	 82
391074 	 76 	 144 	 252
391075 	 268 	 78 	 270
391076 	 268 	 78 	 84
391077 	 266 	 78 	 82
391078 	 268 	 78 	 82
391079 	 264 	 80 	 274
391080 	 266 	 78 	 270
391081 	 76 	 270 	 248
391082 	 76 	 74 	 82
391083 	 268 	 80 	 270
391084 	 264 	 74 	 84
391085 	 78 	 268 	 252
391086 	 270 	 76 	 78
391087 	 268 	 78 	 274
391088 	 264 	 78 	 80
391089 	 242 	 80 	 80
391090 	 270 	 76 	 274
391091 	 1452 	 74 	 250
391092 	 80 	 264 	 246
391093 	 268 	 76 	 82
391094 	 264 	 78 	 268
391095 	 242 	 74 	 80
391096 	 76 	 76 	 270
391097 	 262 	 74 	 284
391098 	 268 	 76 	 270
391099 	 266 	 246 	 248
391100 	 266 	 80 	 272
391101 	 266 	 76 	 274
391102 	 540 	 80 	 272
391103 	 72 	 266 	 250
391104 	 276 	 86 	 250
391105 	 242 	 334 	 250
391106 	 268 	 242 	 254
391107 	 270 	 80 	 272
391108 	 246 	 78 	 276
391109 	 262 	 116 	 254
391110 	 264 	 74 	 274
391111 	 244 	 76 	 84
391112 	 264 	 266 	 82
391113 	 268 	 78 	 274
391114 	 266 	 76 	 272
391115 	 264 	 74 	 274
391116 	 74 	 76 	 280
391117 	 266 	 74 	 274
391118 	 1378 	 80 	 80
391119 	 76 	 268 	 250
391120 	 74 	 74 	 268
391121 	 262 	 78 	 270
391122 	 240 	 74 	 80
391123 	 74 	 166 	 248
391124 	 266 	 78 	 270
391125 	 268 	 78 	 272
391126 	 264 	 78 	 80
391127 	 268 	 80 	 80
391128 	 266 	 78 	 274
391129 	 498 	 76 	 270
391130 	 78 	 262 	 250
391131 	 268 	 78 	 276
391132 	 262 	 80 	 268
391133 	 272 	 76 	 82
391134 	 242 	 76 	 78
391135 	 266 	 78 	 268
391136 	 266 	 76 	 248
391137 	 76 	 250 	 250
391138 	 246 	 76 	 270
391139 	 250 	 76 	 1450
391140 	 246 	 80 	 84
391141 	 78 	 266 	 248
391142 	 266 	 80 	 274
391143 	 270 	 76 	 274
391144 	 234 	 76 	 270
391145 	 74 	 74 	 272
391146 	 270 	 80 	 282
391147 	 266 	 74 	 272
391148 	 74 	 76 	 272
391149 	 264 	 78 	 274
391150 	 1236 	 78 	 270
391151 	 264 	 76 	 272
391152 	 78 	 80 	 272
391153 	 266 	 80 	 274
391154 	 266 	 76 	 272
391155 	 268 	 78 	 274
391156 	 264 	 76 	 80
391157 	 266 	 78 	 272
391158 	 266 	 74 	 274
391159 	 78 	 76 	 252
391160 	 268 	 76 	 84
391161 	 392 	 78 	 276
391162 	 76 	 80 	 82
391163 	 74 	 76 	 270
391164 	 264 	 84 	 90
391165 	 88 	 84 	 78
391166 	 240 	 80 	 270
391167 	 260 	 74 	 272
391168 	 264 	 78 	 84
391169 	 252 	 78 	 82
391170 	 264 	 76 	 272
391171 	 272 	 76 	 272
391172 	 76 	 78 	 272
391173 	 76 	 78 	 274
391174 	 260 	 74 	 80
391175 	 1102 	 80 	 272
391176 	 80 	 266 	 250
391177 	 76 	 78 	 276
391178 	 268 	 76 	 272
391179 	 242 	 78 	 80
391180 	 266 	 206 	 80
391181 	 268 	 80 	 274
391182 	 268 	 76 	 274
391183 	 108 	 76 	 274
391184 	 78 	 78 	 272
391185 	 268 	 76 	 276
391186 	 268 	 74 	 80
391187 	 266 	 240 	 176
391188 	 266 	 76 	 272
391189 	 270 	 80 	 274
391190 	 214 	 76 	 276
391191 	 76 	 74 	 270
391192 	 268 	 76 	 270
391193 	 266 	 78 	 272
391194 	 78 	 80 	 276
391195 	 74 	 78 	 270
391196 	 264 	 74 	 1268
391197 	 268 	 76 	 276
391198 	 268 	 80 	 78
391199 	 248 	 76 	 80
391200 	 268 	 78 	 272
391201 	 266 	 76 	 272
391202 	 74 	 268 	 248
391203 	 266 	 76 	 86
391204 	 268 	 74 	 270
391205 	 266 	 82 	 80
391206 	 76 	 270 	 254
391207 	 1052 	 76 	 274
391208 	 264 	 76 	 270
391209 	 266 	 72 	 82
391210 	 246 	 76 	 84
391211 	 270 	 78 	 268
391212 	 270 	 76 	 274
391213 	 76 	 76 	 272
391214 	 262 	 74 	 80
391215 	 262 	 78 	 274
391216 	 242 	 80 	 80
391217 	 270 	 158 	 80
391218 	 456 	 76 	 270
391219 	 268 	 78 	 274
391220 	 232 	 76 	 272
391221 	 76 	 76 	 276
391222 	 266 	 76 	 278
391223 	 270 	 78 	 276
391224 	 264 	 76 	 272
391225 	 268 	 78 	 78
391226 	 262 	 76 	 274
391227 	 266 	 80 	 270
391228 	 78 	 76 	 1230
391229 	 268 	 80 	 274
391230 	 272 	 78 	 80
391231 	 268 	 78 	 250
391232 	 80 	 78 	 272
391233 	 266 	 78 	 274
391234 	 268 	 82 	 274
391235 	 80 	 74 	 250
391236 	 74 	 76 	 278
391237 	 266 	 74 	 274
391238 	 268 	 80 	 274
391239 	 78 	 710 	 252
391240 	 266 	 74 	 82
391241 	 268 	 78 	 272
391242 	 268 	 76 	 268
391243 	 72 	 162 	 250
391244 	 270 	 80 	 272
391245 	 268 	 76 	 274
391246 	 268 	 78 	 80
391247 	 270 	 76 	 80
391248 	 268 	 78 	 268
391249 	 264 	 76 	 274
391250 	 114 	 242 	 254
391251 	 78 	 78 	 268
391252 	 268 	 74 	 268
391253 	 264 	 80 	 80
391254 	 264 	 240 	 236
391255 	 264 	 76 	 272
391256 	 264 	 78 	 270
391257 	 88 	 76 	 274
391258 	 72 	 76 	 272
391259 	 268 	 76 	 80
391260 	 266 	 82 	 1142
391261 	 246 	 76 	 80
391262 	 266 	 80 	 80
391263 	 268 	 80 	 276
391264 	 266 	 80 	 268
391265 	 130 	 76 	 272
391266 	 80 	 76 	 274
391267 	 266 	 76 	 270
391268 	 268 	 80 	 274
391269 	 74 	 78 	 274
391270 	 74 	 76 	 272
391271 	 806 	 78 	 272
391272 	 266 	 80 	 82
391273 	 74 	 268 	 250
391274 	 266 	 78 	 78
391275 	 266 	 74 	 274
391276 	 268 	 78 	 82
391277 	 242 	 76 	 80
391278 	 266 	 76 	 272
391279 	 266 	 78 	 274
391280 	 74 	 78 	 274
391281 	 76 	 74 	 272
391282 	 266 	 78 	 274
391283 	 266 	 82 	 274
391284 	 76 	 262 	 248
391285 	 268 	 80 	 270
391286 	 268 	 76 	 270
391287 	 272 	 78 	 84
391288 	 242 	 78 	 78
391289 	 268 	 80 	 272
391290 	 264 	 74 	 272
391291 	 80 	 80 	 272
391292 	 266 	 76 	 1150
391293 	 266 	 78 	 272
391294 	 264 	 76 	 276
391295 	 76 	 270 	 250
391296 	 268 	 76 	 82
391297 	 262 	 76 	 272
391298 	 74 	 78 	 270
391299 	 76 	 76 	 270
391300 	 262 	 76 	 274
391301 	 264 	 76 	 270
391302 	 266 	 76 	 274
391303 	 716 	 74 	 84
391304 	 268 	 74 	 268
391305 	 268 	 72 	 272
391306 	 82 	 264 	 252
391307 	 262 	 78 	 80
391308 	 264 	 72 	 270
391309 	 268 	 80 	 272
391310 	 76 	 74 	 284
391311 	 264 	 78 	 272
391312 	 262 	 78 	 270
391313 	 268 	 78 	 84
391314 	 244 	 76 	 80
391315 	 268 	 78 	 274
391316 	 268 	 76 	 268
391317 	 74 	 268 	 250
391318 	 266 	 76 	 274
391319 	 268 	 76 	 272
391320 	 270 	 80 	 78
391321 	 250 	 78 	 82
391322 	 266 	 76 	 270
391323 	 270 	 78 	 274
391324 	 74 	 1208 	 250
391325 	 264 	 80 	 82
391326 	 268 	 78 	 274
391327 	 266 	 76 	 82
391328 	 266 	 242 	 146
391329 	 268 	 78 	 274
391330 	 268 	 76 	 274
391331 	 72 	 74 	 268
391332 	 76 	 76 	 80
391333 	 266 	 76 	 274
391334 	 268 	 78 	 270
391335 	 688 	 76 	 82
391336 	 80 	 268 	 250
391337 	 266 	 76 	 276
391338 	 266 	 80 	 272
391339 	 80 	 76 	 268
391340 	 76 	 76 	 274
391341 	 264 	 76 	 270
391342 	 266 	 76 	 100
391343 	 264 	 242 	 246
391344 	 268 	 76 	 270
391345 	 264 	 80 	 272
391346 	 268 	 80 	 270
391347 	 72 	 76 	 276
391348 	 266 	 74 	 270
391349 	 264 	 76 	 272
391350 	 266 	 76 	 82
391351 	 268 	 76 	 86
391352 	 268 	 76 	 274
391353 	 266 	 76 	 272
391354 	 76 	 266 	 252
391355 	 266 	 76 	 272
391356 	 1348 	 74 	 84
391357 	 266 	 244 	 250
391358 	 266 	 76 	 80
391359 	 266 	 78 	 272
391360 	 268 	 78 	 276
391361 	 72 	 266 	 248
391362 	 268 	 78 	 274
391363 	 264 	 80 	 84
391364 	 268 	 76 	 84
391365 	 242 	 76 	 82
391366 	 266 	 78 	 272
391367 	 504 	 78 	 274
391368 	 74 	 268 	 248
391369 	 268 	 76 	 270
391370 	 266 	 78 	 270
391371 	 276 	 76 	 270
391372 	 82 	 74 	 270
391373 	 266 	 76 	 276
391374 	 264 	 76 	 274
391375 	 76 	 76 	 270
391376 	 266 	 80 	 276
391377 	 266 	 80 	 1480
391378 	 268 	 76 	 274
391379 	 268 	 78 	 80
391380 	 268 	 78 	 84
391381 	 264 	 76 	 272
391382 	 262 	 74 	 250
391383 	 76 	 76 	 274
391384 	 264 	 74 	 274
391385 	 268 	 76 	 272
391386 	 80 	 80 	 80
391387 	 78 	 76 	 270
391388 	 1256 	 76 	 272
391389 	 266 	 76 	 272
391390 	 270 	 246 	 248
391391 	 262 	 78 	 270
391392 	 268 	 78 	 272
391393 	 240 	 78 	 272
391394 	 80 	 76 	 272
391395 	 266 	 76 	 272
391396 	 266 	 76 	 276
391397 	 266 	 76 	 274
391398 	 268 	 76 	 80
391399 	 358 	 76 	 272
391400 	 264 	 76 	 272
391401 	 76 	 76 	 280
391402 	 268 	 78 	 272
391403 	 262 	 74 	 270
391404 	 76 	 74 	 80
391405 	 76 	 72 	 272
391406 	 264 	 78 	 274
391407 	 266 	 76 	 272
391408 	 80 	 78 	 80
391409 	 76 	 74 	 276
391410 	 264 	 78 	 274
391411 	 266 	 76 	 270
391412 	 266 	 78 	 80
391413 	 268 	 78 	 84
391414 	 268 	 78 	 272
391415 	 264 	 78 	 272
391416 	 78 	 264 	 248
391417 	 268 	 78 	 274
391418 	 262 	 80 	 270
391419 	 266 	 76 	 80
391420 	 1390 	 76 	 82
391421 	 268 	 78 	 270
391422 	 262 	 74 	 272
391423 	 78 	 76 	 274
391424 	 260 	 78 	 274
391425 	 264 	 74 	 274
391426 	 242 	 78 	 80
391427 	 76 	 74 	 274
391428 	 264 	 76 	 270
391429 	 266 	 78 	 268
391430 	 264 	 76 	 268
391431 	 506 	 76 	 82
391432 	 268 	 76 	 272
391433 	 268 	 78 	 252
391434 	 76 	 80 	 276
391435 	 264 	 76 	 270
391436 	 266 	 80 	 274
391437 	 80 	 268 	 250
391438 	 264 	 74 	 274
391439 	 264 	 76 	 272
391440 	 78 	 80 	 80
391441 	 74 	 76 	 1388
391442 	 240 	 78 	 84
391443 	 266 	 76 	 270
391444 	 246 	 78 	 84
391445 	 268 	 202 	 78
391446 	 268 	 80 	 272
391447 	 268 	 76 	 272
391448 	 268 	 74 	 270
391449 	 76 	 76 	 274
391450 	 266 	 74 	 274
391451 	 266 	 78 	 274
391452 	 1052 	 78 	 84
391453 	 264 	 76 	 272
391454 	 268 	 76 	 272
391455 	 266 	 80 	 278
391456 	 74 	 264 	 248
391457 	 266 	 72 	 274
391458 	 268 	 74 	 272
391459 	 268 	 76 	 80
391460 	 280 	 76 	 82
391461 	 268 	 76 	 274
391462 	 270 	 80 	 274
391463 	 76 	 264 	 250
391464 	 270 	 76 	 82
391465 	 270 	 78 	 274
391466 	 264 	 78 	 78
391467 	 76 	 162 	 250
391468 	 262 	 72 	 272
391469 	 264 	 78 	 272
391470 	 264 	 80 	 80
391471 	 272 	 78 	 80
391472 	 266 	 76 	 270
391473 	 268 	 76 	 1160
391474 	 74 	 268 	 248
391475 	 268 	 76 	 82
391476 	 264 	 72 	 272
391477 	 264 	 78 	 80
391478 	 244 	 76 	 84
391479 	 270 	 78 	 268
391480 	 264 	 74 	 272
391481 	 74 	 76 	 254
391482 	 74 	 78 	 80
391483 	 266 	 78 	 272
391484 	 938 	 78 	 84
391485 	 78 	 264 	 250
391486 	 268 	 76 	 274
391487 	 266 	 78 	 272
391488 	 270 	 80 	 80
391489 	 244 	 76 	 82
391490 	 264 	 80 	 272
391491 	 272 	 80 	 274
391492 	 78 	 78 	 272
391493 	 264 	 74 	 80
391494 	 266 	 80 	 272
391495 	 250 	 82 	 80
391496 	 266 	 254 	 82
391497 	 266 	 76 	 270
391498 	 268 	 80 	 272
391499 	 264 	 76 	 272
391500 	 78 	 78 	 272
391501 	 266 	 80 	 274
391502 	 268 	 78 	 272
391503 	 268 	 80 	 274
391504 	 268 	 78 	 80
391505 	 266 	 76 	 1148
391506 	 268 	 80 	 274
391507 	 76 	 78 	 270
391508 	 264 	 74 	 274
391509 	 268 	 74 	 80
391510 	 244 	 78 	 78
391511 	 82 	 76 	 274
391512 	 270 	 76 	 284
391513 	 264 	 80 	 272
391514 	 266 	 78 	 80
391515 	 266 	 76 	 80
391516 	 878 	 76 	 270
391517 	 268 	 76 	 272
391518 	 78 	 264 	 248
391519 	 242 	 78 	 80
391520 	 268 	 76 	 270
391521 	 268 	 76 	 78
391522 	 268 	 76 	 80
391523 	 260 	 74 	 272
391524 	 262 	 76 	 274
391525 	 76 	 264 	 252
391526 	 266 	 74 	 268
391527 	 268 	 76 	 274
391528 	 270 	 76 	 80
391529 	 268 	 78 	 84
391530 	 264 	 78 	 274
391531 	 268 	 78 	 274
391532 	 74 	 268 	 250
391533 	 270 	 78 	 78
391534 	 264 	 80 	 274
391535 	 268 	 76 	 82
391536 	 242 	 76 	 80
391537 	 266 	 78 	 1150
391538 	 268 	 76 	 274
391539 	 82 	 78 	 272
391540 	 76 	 78 	 270
391541 	 264 	 74 	 82
391542 	 268 	 76 	 272
391543 	 268 	 78 	 276
391544 	 266 	 80 	 82
391545 	 268 	 76 	 274
391546 	 264 	 76 	 270
391547 	 74 	 74 	 272
391548 	 780 	 76 	 272
391549 	 268 	 76 	 276
391550 	 272 	 76 	 84
391551 	 266 	 74 	 80
391552 	 264 	 80 	 274
391553 	 268 	 76 	 270
391554 	 80 	 268 	 252
391555 	 262 	 74 	 274
391556 	 244 	 76 	 82
391557 	 148 	 78 	 268
391558 	 76 	 76 	 274
391559 	 264 	 82 	 270
391560 	 262 	 76 	 272
391561 	 76 	 74 	 250
391562 	 76 	 76 	 268
391563 	 266 	 76 	 276
391564 	 264 	 76 	 276
391565 	 76 	 266 	 252
391566 	 268 	 76 	 272
391567 	 264 	 74 	 274
391568 	 240 	 78 	 80
391569 	 74 	 1240 	 252
391570 	 246 	 78 	 80
391571 	 268 	 78 	 270
391572 	 268 	 74 	 84
391573 	 78 	 264 	 248
391574 	 270 	 80 	 272
391575 	 264 	 74 	 274
391576 	 266 	 76 	 82
391577 	 244 	 76 	 78
391578 	 268 	 76 	 272
391579 	 266 	 80 	 270
391580 	 74 	 496 	 252
391581 	 268 	 76 	 276
391582 	 268 	 76 	 274
391583 	 228 	 78 	 82
391584 	 74 	 136 	 252
391585 	 270 	 76 	 78
391586 	 268 	 78 	 272
391587 	 266 	 78 	 82
391588 	 246 	 78 	 80
391589 	 266 	 78 	 272
391590 	 268 	 76 	 272
391591 	 76 	 258 	 254
391592 	 80 	 78 	 272
391593 	 242 	 76 	 84
391594 	 268 	 76 	 272
391595 	 80 	 76 	 250
391596 	 76 	 76 	 268
391597 	 270 	 76 	 276
391598 	 268 	 76 	 82
391599 	 264 	 238 	 78
391600 	 262 	 76 	 272
391601 	 1410 	 76 	 268
391602 	 110 	 248 	 248
391603 	 76 	 74 	 272
391604 	 266 	 74 	 274
391605 	 262 	 78 	 276
391606 	 76 	 76 	 276
391607 	 266 	 80 	 272
391608 	 268 	 78 	 272
391609 	 262 	 82 	 254
391610 	 76 	 76 	 276
391611 	 262 	 76 	 272
391612 	 498 	 80 	 272
391613 	 76 	 264 	 248
391614 	 268 	 78 	 82
391615 	 266 	 76 	 274
391616 	 246 	 78 	 78
391617 	 268 	 78 	 80
391618 	 264 	 78 	 272
391619 	 266 	 78 	 270
391620 	 78 	 78 	 274
391621 	 76 	 76 	 274
391622 	 266 	 80 	 1492
391623 	 268 	 80 	 276
391624 	 244 	 78 	 84
391625 	 266 	 76 	 80
391626 	 264 	 76 	 272
391627 	 264 	 74 	 270
391628 	 272 	 78 	 270
391629 	 78 	 78 	 270
391630 	 266 	 78 	 276
391631 	 270 	 78 	 274
391632 	 270 	 80 	 82
391633 	 1298 	 76 	 80
391634 	 244 	 76 	 272
391635 	 264 	 78 	 272
391636 	 78 	 78 	 274
391637 	 248 	 78 	 80
391638 	 266 	 78 	 268
391639 	 268 	 76 	 248
391640 	 74 	 78 	 274
391641 	 264 	 80 	 272
391642 	 268 	 78 	 274
391643 	 264 	 76 	 82
391644 	 464 	 76 	 80
391645 	 270 	 78 	 268
391646 	 262 	 74 	 272
391647 	 266 	 78 	 272
391648 	 74 	 76 	 268
391649 	 264 	 76 	 272
391650 	 262 	 78 	 272
391651 	 78 	 76 	 82
391652 	 74 	 78 	 272
391653 	 266 	 78 	 80
391654 	 266 	 76 	 1370
391655 	 242 	 74 	 82
391656 	 264 	 270 	 78
391657 	 264 	 76 	 272
391658 	 268 	 74 	 274
391659 	 268 	 74 	 272
391660 	 78 	 76 	 274
391661 	 260 	 74 	 274
391662 	 264 	 78 	 272
391663 	 268 	 82 	 84
391664 	 266 	 76 	 80
391665 	 1436 	 78 	 250
391666 	 246 	 74 	 250
391667 	 76 	 396 	 252
391668 	 270 	 74 	 78
391669 	 270 	 78 	 274
391670 	 266 	 80 	 76
391671 	 244 	 78 	 82
391672 	 266 	 78 	 274
391673 	 268 	 78 	 274
391674 	 80 	 76 	 270
391675 	 76 	 76 	 276
391676 	 362 	 80 	 84
391677 	 266 	 78 	 274
391678 	 78 	 268 	 250
391679 	 268 	 74 	 272
391680 	 268 	 82 	 276
391681 	 76 	 80 	 80
391682 	 76 	 76 	 270
391683 	 270 	 78 	 274
391684 	 244 	 74 	 272
391685 	 78 	 76 	 80
391686 	 76 	 80 	 252
391687 	 1304 	 78 	 250
391688 	 254 	 82 	 342
391689 	 76 	 244 	 246
391690 	 242 	 76 	 334
391691 	 270 	 76 	 80
391692 	 246 	 76 	 80
391693 	 250 	 80 	 80
391694 	 266 	 78 	 274
391695 	 262 	 76 	 278
391696 	 76 	 268 	 250
391697 	 1068 	 76 	 274
391698 	 266 	 74 	 272
391699 	 262 	 76 	 84
391700 	 74 	 168 	 252
391701 	 266 	 78 	 82
391702 	 268 	 76 	 84
391703 	 240 	 76 	 82
391704 	 326 	 76 	 80
391705 	 266 	 80 	 274
391706 	 266 	 78 	 274
391707 	 76 	 74 	 274
391708 	 78 	 76 	 272
391709 	 266 	 74 	 272
391710 	 268 	 76 	 272
391711 	 268 	 78 	 84
391712 	 268 	 76 	 82
391713 	 266 	 78 	 276
391714 	 272 	 78 	 274
391715 	 80 	 268 	 254
391716 	 264 	 76 	 272
391717 	 266 	 78 	 272
391718 	 266 	 78 	 82
391719 	 268 	 74 	 80
391720 	 268 	 76 	 270
391721 	 272 	 76 	 274
391722 	 76 	 268 	 250
391723 	 266 	 78 	 276
391724 	 266 	 78 	 272
391725 	 108 	 76 	 80
391726 	 80 	 78 	 274
391727 	 264 	 74 	 274
391728 	 266 	 76 	 80
391729 	 994 	 78 	 80
391730 	 264 	 76 	 82
391731 	 262 	 74 	 272
391732 	 268 	 80 	 274
391733 	 76 	 264 	 248
391734 	 270 	 76 	 82
391735 	 266 	 76 	 272
391736 	 76 	 76 	 270
391737 	 74 	 74 	 272
391738 	 266 	 78 	 274
391739 	 268 	 76 	 78
391740 	 264 	 240 	 242
391741 	 266 	 76 	 284
391742 	 264 	 76 	 272
391743 	 266 	 76 	 272
391744 	 76 	 74 	 272
391745 	 264 	 78 	 270
391746 	 268 	 76 	 276
391747 	 74 	 76 	 272
391748 	 76 	 78 	 270
391749 	 268 	 76 	 274
391750 	 266 	 78 	 82
391751 	 266 	 242 	 136
391752 	 268 	 80 	 268
391753 	 264 	 78 	 270
391754 	 168 	 74 	 270
391755 	 80 	 76 	 270
391756 	 266 	 78 	 276
391757 	 268 	 76 	 272
391758 	 266 	 80 	 270
391759 	 268 	 80 	 80
391760 	 266 	 78 	 274
391761 	 910 	 80 	 270
391762 	 76 	 266 	 250
391763 	 264 	 74 	 274
391764 	 270 	 76 	 274
391765 	 268 	 76 	 82
391766 	 242 	 76 	 82
391767 	 260 	 76 	 282
391768 	 268 	 80 	 268
391769 	 76 	 76 	 274
391770 	 272 	 76 	 272
391771 	 268 	 78 	 270
391772 	 268 	 80 	 250
391773 	 74 	 78 	 270
391774 	 270 	 76 	 276
391775 	 266 	 76 	 274
391776 	 268 	 78 	 274
391777 	 262 	 80 	 82
391778 	 262 	 74 	 274
391779 	 264 	 76 	 250
391780 	 76 	 76 	 278
391781 	 258 	 78 	 270
391782 	 270 	 76 	 1150
391783 	 244 	 76 	 82
391784 	 262 	 76 	 78
391785 	 268 	 78 	 270
391786 	 266 	 80 	 268
391787 	 176 	 74 	 276
391788 	 78 	 74 	 270
391789 	 262 	 76 	 274
391790 	 266 	 76 	 82
391791 	 74 	 76 	 80
391792 	 76 	 74 	 272
391793 	 746 	 82 	 80
391794 	 264 	 76 	 272
391795 	 82 	 78 	 272
391796 	 76 	 76 	 270
391797 	 262 	 76 	 270
391798 	 266 	 74 	 268
391799 	 78 	 76 	 272
391800 	 268 	 80 	 274
391801 	 268 	 78 	 276
391802 	 242 	 78 	 84
391803 	 74 	 130 	 250
391804 	 270 	 76 	 274
391805 	 266 	 78 	 272
391806 	 72 	 266 	 248
391807 	 268 	 76 	 278
391808 	 268 	 76 	 272
391809 	 268 	 80 	 274
391810 	 76 	 80 	 280
391811 	 262 	 74 	 272
391812 	 266 	 78 	 276
391813 	 268 	 78 	 86
391814 	 268 	 76 	 80
391815 	 270 	 78 	 270
391816 	 262 	 74 	 272
391817 	 158 	 74 	 272
391818 	 76 	 76 	 274
391819 	 260 	 76 	 274
391820 	 270 	 76 	 268
391821 	 266 	 80 	 78
391822 	 248 	 76 	 80
391823 	 272 	 76 	 274
391824 	 264 	 76 	 272
391825 	 78 	 80 	 318
391826 	 262 	 76 	 272
391827 	 268 	 76 	 276
391828 	 248 	 78 	 82
391829 	 76 	 116 	 252
391830 	 260 	 76 	 272
391831 	 266 	 76 	 272
391832 	 268 	 78 	 272
391833 	 270 	 78 	 80
391834 	 270 	 76 	 276
391835 	 270 	 78 	 252
391836 	 76 	 78 	 276
391837 	 268 	 80 	 276
391838 	 266 	 80 	 272
391839 	 74 	 76 	 274
391840 	 272 	 80 	 274
391841 	 268 	 82 	 274
391842 	 268 	 78 	 78
391843 	 248 	 78 	 84
391844 	 266 	 76 	 272
391845 	 268 	 76 	 274
391846 	 78 	 80 	 886
391847 	 76 	 76 	 272
391848 	 268 	 78 	 274
391849 	 266 	 78 	 276
391850 	 266 	 78 	 272
391851 	 266 	 80 	 80
391852 	 266 	 76 	 272
391853 	 266 	 74 	 248
391854 	 78 	 76 	 270
391855 	 266 	 76 	 278
391856 	 270 	 76 	 270
391857 	 596 	 78 	 266
391858 	 264 	 76 	 272
391859 	 268 	 78 	 272
391860 	 266 	 76 	 270
391861 	 76 	 74 	 274
391862 	 268 	 76 	 270
391863 	 260 	 78 	 274
391864 	 78 	 74 	 80
391865 	 78 	 76 	 276
391866 	 262 	 76 	 272
391867 	 264 	 80 	 80
391868 	 264 	 238 	 180
391869 	 268 	 80 	 274
391870 	 266 	 76 	 270
391871 	 200 	 78 	 272
391872 	 78 	 78 	 272
391873 	 266 	 78 	 274
391874 	 264 	 78 	 268
391875 	 76 	 78 	 272
391876 	 268 	 74 	 272
391877 	 268 	 76 	 272
391878 	 1398 	 76 	 82
391879 	 264 	 78 	 78
391880 	 266 	 76 	 276
391881 	 266 	 82 	 276
391882 	 120 	 76 	 276
391883 	 74 	 74 	 270
391884 	 264 	 78 	 84
391885 	 268 	 76 	 272
391886 	 268 	 78 	 272
391887 	 268 	 76 	 82
391888 	 270 	 76 	 276
391889 	 462 	 76 	 272
391890 	 80 	 266 	 252
391891 	 268 	 76 	 82
391892 	 264 	 78 	 272
391893 	 154 	 80 	 272
391894 	 76 	 74 	 274
391895 	 268 	 76 	 276
391896 	 272 	 78 	 274
391897 	 76 	 76 	 82
391898 	 74 	 76 	 270
391899 	 262 	 76 	 80
391900 	 268 	 80 	 270
391901 	 268 	 78 	 254
391902 	 76 	 78 	 270
391903 	 240 	 80 	 82
391904 	 266 	 76 	 270
391905 	 78 	 76 	 82
391906 	 76 	 78 	 270
391907 	 266 	 82 	 272
391908 	 264 	 78 	 274
391909 	 262 	 78 	 80
391910 	 1208 	 78 	 84
391911 	 242 	 76 	 276
391912 	 264 	 76 	 272
391913 	 74 	 264 	 248
391914 	 268 	 76 	 84
391915 	 266 	 80 	 272
391916 	 268 	 76 	 84
391917 	 242 	 80 	 78
391918 	 266 	 76 	 276
391919 	 270 	 80 	 272
391920 	 74 	 76 	 274
391921 	 636 	 76 	 270
391922 	 268 	 76 	 274
391923 	 266 	 76 	 80
391924 	 250 	 76 	 80
391925 	 268 	 80 	 276
391926 	 266 	 78 	 274
391927 	 76 	 78 	 272
391928 	 264 	 76 	 272
391929 	 268 	 78 	 272
391930 	 252 	 74 	 82
391931 	 76 	 80 	 1470
391932 	 264 	 74 	 274
391933 	 266 	 78 	 276
391934 	 248 	 76 	 78
391935 	 268 	 78 	 82
391936 	 268 	 78 	 276
391937 	 268 	 76 	 272
391938 	 78 	 76 	 276
391939 	 76 	 80 	 136
391940 	 266 	 80 	 84
391941 	 266 	 76 	 112
391942 	 76 	 866 	 248
391943 	 268 	 78 	 270
391944 	 266 	 80 	 272
391945 	 240 	 78 	 82
391946 	 266 	 80 	 78
391947 	 264 	 74 	 272
391948 	 268 	 76 	 272
391949 	 76 	 80 	 272
391950 	 242 	 74 	 80
391951 	 268 	 76 	 268
391952 	 266 	 76 	 248
391953 	 80 	 76 	 272
391954 	 264 	 74 	 272
391955 	 268 	 76 	 272
391956 	 264 	 78 	 274
391957 	 262 	 80 	 80
391958 	 262 	 74 	 274
391959 	 266 	 76 	 244
391960 	 76 	 76 	 274
391961 	 270 	 76 	 274
391962 	 268 	 76 	 268
391963 	 262 	 76 	 84
391964 	 266 	 76 	 80
391965 	 268 	 82 	 270
391966 	 268 	 74 	 272
391967 	 78 	 262 	 248
391968 	 262 	 78 	 274
391969 	 268 	 76 	 274
391970 	 268 	 78 	 274
391971 	 268 	 76 	 84
391972 	 270 	 80 	 274
391973 	 268 	 74 	 254
391974 	 78 	 750 	 252
391975 	 266 	 78 	 78
391976 	 268 	 80 	 272
391977 	 246 	 80 	 82
391978 	 268 	 120 	 84
391979 	 270 	 78 	 276
391980 	 268 	 76 	 272
391981 	 288 	 76 	 270
391982 	 78 	 74 	 274
391983 	 268 	 76 	 274
391984 	 270 	 76 	 274
391985 	 244 	 78 	 78
391986 	 268 	 242 	 80
391987 	 266 	 80 	 268
391988 	 268 	 76 	 272
391989 	 264 	 78 	 270
391990 	 78 	 76 	 274
391991 	 264 	 76 	 82
391992 	 266 	 80 	 268
391993 	 76 	 80 	 82
391994 	 78 	 76 	 272
391995 	 242 	 74 	 82
391996 	 266 	 76 	 272
391997 	 264 	 80 	 274
391998 	 80 	 76 	 276
391999 	 266 	 78 	 272
392000 	 268 	 76 	 268
392001 	 266 	 82 	 80
392002 	 264 	 78 	 80
392003 	 270 	 78 	 268
392004 	 268 	 74 	 248
392005 	 74 	 80 	 274
392006 	 874 	 74 	 82
392007 	 268 	 76 	 270
392008 	 268 	 78 	 84
392009 	 262 	 74 	 82
392010 	 264 	 74 	 272
392011 	 268 	 74 	 276
392012 	 78 	 270 	 250
392013 	 268 	 74 	 82
392014 	 268 	 76 	 272
392015 	 188 	 76 	 274
392016 	 80 	 78 	 272
392017 	 246 	 76 	 78
392018 	 270 	 82 	 272
392019 	 268 	 78 	 80
392020 	 264 	 76 	 78
392021 	 266 	 74 	 274
392022 	 266 	 76 	 274
392023 	 78 	 264 	 248
392024 	 268 	 80 	 80
392025 	 266 	 72 	 274
392026 	 76 	 76 	 78
392027 	 76 	 76 	 1188
392028 	 268 	 74 	 80
392029 	 264 	 76 	 272
392030 	 248 	 78 	 80
392031 	 266 	 80 	 82
392032 	 268 	 80 	 272
392033 	 270 	 80 	 272
392034 	 72 	 268 	 248
392035 	 268 	 76 	 270
392036 	 268 	 76 	 268
392037 	 268 	 78 	 82
392038 	 828 	 80 	 82
392039 	 264 	 78 	 274
392040 	 264 	 76 	 274
392041 	 266 	 76 	 270
392042 	 76 	 76 	 270
392043 	 270 	 76 	 84
392044 	 270 	 80 	 274
392045 	 76 	 76 	 80
392046 	 80 	 76 	 268
392047 	 268 	 76 	 270
392048 	 264 	 74 	 274
392049 	 266 	 78 	 270
392050 	 262 	 76 	 80
392051 	 270 	 76 	 276
392052 	 270 	 80 	 276
392053 	 76 	 74 	 268
392054 	 266 	 78 	 78
392055 	 266 	 76 	 274
392056 	 270 	 78 	 86
392057 	 266 	 76 	 80
392058 	 266 	 76 	 274
392059 	 264 	 76 	 1150
392060 	 74 	 268 	 250
392061 	 266 	 76 	 82
392062 	 268 	 78 	 270
392063 	 268 	 78 	 248
392064 	 78 	 74 	 270
392065 	 262 	 76 	 84
392066 	 266 	 74 	 272
392067 	 266 	 78 	 82
392068 	 280 	 78 	 78
392069 	 266 	 74 	 272
392070 	 734 	 74 	 272
392071 	 78 	 268 	 248
392072 	 266 	 78 	 78
392073 	 266 	 78 	 276
392074 	 282 	 76 	 84
392075 	 246 	 80 	 84
392076 	 264 	 76 	 272
392077 	 270 	 76 	 276
392078 	 78 	 76 	 276
392079 	 78 	 76 	 272
392080 	 246 	 76 	 82
392081 	 246 	 76 	 274
392082 	 244 	 76 	 84
392083 	 268 	 76 	 82
392084 	 266 	 76 	 272
392085 	 266 	 76 	 274
392086 	 78 	 74 	 274
392087 	 72 	 76 	 270
392088 	 264 	 76 	 80
392089 	 264 	 74 	 274
392090 	 270 	 76 	 274
392091 	 1436 	 76 	 78
392092 	 246 	 76 	 270
392093 	 264 	 80 	 272
392094 	 74 	 78 	 272
392095 	 266 	 76 	 274
392096 	 264 	 78 	 272
392097 	 76 	 78 	 80
392098 	 76 	 78 	 268
392099 	 272 	 80 	 274
392100 	 268 	 78 	 274
392101 	 76 	 76 	 274
392102 	 76 	 356 	 252
392103 	 272 	 76 	 274
392104 	 268 	 76 	 274
392105 	 74 	 78 	 82
392106 	 74 	 76 	 274
392107 	 266 	 78 	 272
392108 	 270 	 78 	 80
392109 	 266 	 250 	 166
392110 	 266 	 78 	 272
392111 	 262 	 80 	 270
392112 	 128 	 74 	 272
392113 	 72 	 266 	 250
392114 	 244 	 80 	 84
392115 	 268 	 78 	 274
392116 	 264 	 76 	 80
392117 	 240 	 76 	 78
392118 	 270 	 80 	 272
392119 	 268 	 80 	 274
392120 	 76 	 74 	 272
392121 	 74 	 76 	 274
392122 	 268 	 76 	 78
392123 	 1364 	 76 	 82
392124 	 268 	 242 	 80
392125 	 264 	 78 	 272
392126 	 268 	 78 	 270
392127 	 298 	 78 	 270
392128 	 76 	 78 	 272
392129 	 270 	 76 	 84
392130 	 262 	 78 	 272
392131 	 268 	 76 	 80
392132 	 246 	 78 	 80
392133 	 262 	 72 	 270
392134 	 450 	 80 	 274
392135 	 76 	 264 	 248
392136 	 266 	 74 	 274
392137 	 264 	 80 	 276
392138 	 270 	 76 	 78
392139 	 74 	 262 	 246
392140 	 264 	 74 	 274
392141 	 268 	 76 	 272
392142 	 78 	 80 	 272
392143 	 74 	 76 	 272
392144 	 264 	 76 	 1406
392145 	 266 	 80 	 272
392146 	 266 	 78 	 82
392147 	 80 	 264 	 250
392148 	 270 	 80 	 274
392149 	 268 	 78 	 80
392150 	 74 	 76 	 80
392151 	 74 	 78 	 270
392152 	 268 	 78 	 276
392153 	 270 	 80 	 272
392154 	 80 	 74 	 272
392155 	 1256 	 74 	 272
392156 	 266 	 80 	 274
392157 	 242 	 76 	 82
392158 	 240 	 78 	 80
392159 	 266 	 78 	 272
392160 	 264 	 74 	 274
392161 	 78 	 76 	 270
392162 	 78 	 78 	 272
392163 	 262 	 74 	 272
392164 	 268 	 76 	 82
392165 	 268 	 246 	 248
392166 	 390 	 80 	 270
392167 	 268 	 76 	 270
392168 	 264 	 76 	 272
392169 	 76 	 76 	 270
392170 	 264 	 80 	 80
392171 	 264 	 78 	 268
392172 	 266 	 78 	 82
392173 	 264 	 78 	 80
392174 	 268 	 76 	 272
392175 	 266 	 76 	 272
392176 	 76 	 264 	 1372
392177 	 266 	 80 	 268
392178 	 266 	 76 	 268
392179 	 266 	 76 	 272
392180 	 78 	 262 	 248
392181 	 264 	 74 	 274
392182 	 266 	 78 	 276
392183 	 270 	 82 	 80
392184 	 244 	 78 	 84
392185 	 268 	 76 	 274
392186 	 266 	 74 	 272
392187 	 78 	 78 	 728
392188 	 74 	 86 	 90
392189 	 86 	 88 	 80
392190 	 76 	 266 	 248
392191 	 270 	 74 	 78
392192 	 266 	 76 	 272
392193 	 268 	 78 	 270
392194 	 82 	 78 	 272
392195 	 266 	 76 	 80
392196 	 268 	 74 	 274
392197 	 78 	 76 	 84
392198 	 80 	 82 	 272
392199 	 266 	 76 	 78
392200 	 268 	 76 	 270
392201 	 78 	 266 	 1408
392202 	 272 	 76 	 82
392203 	 266 	 76 	 272
392204 	 266 	 78 	 80
392205 	 268 	 242 	 114
392206 	 268 	 76 	 272
392207 	 266 	 76 	 266
392208 	 96 	 78 	 272
392209 	 74 	 76 	 268
392210 	 266 	 74 	 270
392211 	 264 	 78 	 274
392212 	 74 	 80 	 468
392213 	 244 	 76 	 80
392214 	 264 	 78 	 272
392215 	 266 	 76 	 274
392216 	 76 	 266 	 248
392217 	 264 	 78 	 274
392218 	 264 	 76 	 270
392219 	 264 	 76 	 84
392220 	 240 	 80 	 80
392221 	 264 	 76 	 274
392222 	 264 	 76 	 268
392223 	 170 	 242 	 246
392224 	 76 	 76 	 270
392225 	 266 	 80 	 274
392226 	 268 	 78 	 272
392227 	 268 	 80 	 272
392228 	 262 	 76 	 84
392229 	 264 	 74 	 274
392230 	 266 	 76 	 272
392231 	 76 	 76 	 274
392232 	 268 	 76 	 274
392233 	 268 	 78 	 1220
392234 	 76 	 266 	 252
392235 	 268 	 78 	 272
392236 	 264 	 80 	 82
392237 	 264 	 78 	 252
392238 	 78 	 76 	 272
392239 	 262 	 76 	 82
392240 	 264 	 76 	 268
392241 	 76 	 78 	 276
392242 	 78 	 76 	 272
392243 	 264 	 78 	 272
392244 	 970 	 76 	 252
392245 	 74 	 270 	 250
392246 	 242 	 76 	 80
392247 	 262 	 76 	 270
392248 	 88 	 78 	 82
392249 	 74 	 78 	 272
392250 	 266 	 80 	 270
392251 	 264 	 78 	 276
392252 	 264 	 244 	 250
392253 	 268 	 76 	 82
392254 	 262 	 76 	 268
392255 	 266 	 76 	 270
392256 	 76 	 74 	 274
392257 	 264 	 78 	 276
392258 	 264 	 76 	 272
392259 	 74 	 76 	 272
392260 	 76 	 76 	 272
392261 	 264 	 76 	 80
392262 	 268 	 80 	 80
392263 	 264 	 244 	 250
392264 	 268 	 78 	 272
392265 	 266 	 74 	 1152
392266 	 266 	 78 	 270
392267 	 74 	 114 	 248
392268 	 268 	 78 	 274
392269 	 262 	 76 	 270
392270 	 76 	 78 	 80
392271 	 76 	 80 	 274
392272 	 260 	 74 	 78
392273 	 264 	 76 	 270
392274 	 262 	 74 	 78
392275 	 242 	 76 	 78
392276 	 812 	 76 	 276
392277 	 266 	 80 	 270
392278 	 76 	 266 	 252
392279 	 264 	 74 	 268
392280 	 270 	 76 	 274
392281 	 264 	 76 	 80
392282 	 246 	 78 	 84
392283 	 268 	 78 	 272
392284 	 264 	 76 	 272
392285 	 78 	 266 	 248
392286 	 268 	 76 	 272
392287 	 264 	 74 	 272
392288 	 294 	 76 	 84
392289 	 72 	 140 	 246
392290 	 268 	 78 	 270
392291 	 266 	 80 	 272
392292 	 76 	 80 	 80
392293 	 78 	 76 	 272
392294 	 264 	 76 	 274
392295 	 264 	 78 	 80
392296 	 268 	 248 	 80
392297 	 266 	 76 	 80
392298 	 266 	 78 	 272
392299 	 264 	 76 	 274
392300 	 76 	 264 	 248
392301 	 266 	 80 	 272
392302 	 266 	 78 	 270
392303 	 266 	 76 	 78
392304 	 244 	 78 	 80
392305 	 266 	 76 	 272
392306 	 264 	 76 	 272
392307 	 76 	 74 	 270
392308 	 76 	 452 	 254
392309 	 262 	 80 	 272
392310 	 268 	 76 	 270
392311 	 266 	 80 	 80
392312 	 246 	 78 	 84
392313 	 264 	 76 	 270
392314 	 264 	 76 	 276
392315 	 76 	 78 	 274
392316 	 76 	 76 	 270
392317 	 268 	 76 	 272
392318 	 268 	 74 	 80
392319 	 74 	 264 	 258
392320 	 78 	 78 	 272
392321 	 262 	 78 	 272
392322 	 268 	 76 	 84
392323 	 268 	 248 	 80
392324 	 270 	 76 	 270
392325 	 268 	 76 	 274
392326 	 168 	 78 	 270
392327 	 74 	 78 	 270
392328 	 268 	 76 	 270
392329 	 248 	 76 	 78
392330 	 246 	 78 	 80
392331 	 74 	 78 	 272
392332 	 268 	 76 	 272
392333 	 266 	 76 	 270
392334 	 78 	 76 	 250
392335 	 74 	 76 	 276
392336 	 260 	 74 	 274
392337 	 244 	 78 	 82
392338 	 74 	 136 	 252
392339 	 264 	 76 	 272
392340 	 610 	 78 	 92
392341 	 264 	 240 	 250
392342 	 262 	 76 	 82
392343 	 266 	 78 	 272
392344 	 264 	 76 	 252
392345 	 76 	 74 	 272
392346 	 266 	 76 	 268
392347 	 266 	 76 	 270
392348 	 264 	 78 	 82
392349 	 274 	 76 	 82
392350 	 264 	 76 	 272
392351 	 268 	 76 	 270
392352 	 76 	 266 	 254
392353 	 266 	 76 	 82
392354 	 260 	 74 	 274
392355 	 264 	 78 	 78
392356 	 244 	 78 	 84
392357 	 266 	 78 	 274
392358 	 262 	 76 	 274
392359 	 76 	 76 	 274
392360 	 244 	 80 	 82
392361 	 1382 	 74 	 274
392362 	 244 	 78 	 76
392363 	 266 	 78 	 82
392364 	 266 	 74 	 272
392365 	 266 	 76 	 274
392366 	 74 	 76 	 272
392367 	 76 	 74 	 270
392368 	 266 	 74 	 272
392369 	 264 	 76 	 112
392370 	 78 	 266 	 252
392371 	 264 	 76 	 272
392372 	 798 	 76 	 78
392373 	 262 	 242 	 248
392374 	 262 	 74 	 84
392375 	 264 	 78 	 272
392376 	 266 	 76 	 248
392377 	 76 	 78 	 270
392378 	 264 	 78 	 78
392379 	 268 	 76 	 272
392380 	 262 	 78 	 274
392381 	 264 	 76 	 80
392382 	 262 	 76 	 1476
392383 	 262 	 78 	 268
392384 	 74 	 78 	 270
392385 	 78 	 74 	 270
392386 	 270 	 76 	 272
392387 	 266 	 76 	 78
392388 	 264 	 244 	 236
392389 	 266 	 78 	 268
392390 	 266 	 78 	 272
392391 	 282 	 78 	 270
392392 	 74 	 78 	 274
392393 	 1212 	 74 	 78
392394 	 242 	 78 	 270
392395 	 82 	 82 	 272
392396 	 76 	 78 	 270
392397 	 264 	 76 	 270
392398 	 266 	 76 	 270
392399 	 266 	 76 	 270
392400 	 268 	 76 	 80
392401 	 262 	 76 	 272
392402 	 268 	 80 	 248
392403 	 80 	 76 	 274
392404 	 414 	 78 	 84
392405 	 266 	 78 	 270
392406 	 270 	 76 	 80
392407 	 272 	 76 	 78
392408 	 268 	 76 	 274
392409 	 264 	 78 	 274
392410 	 78 	 268 	 252
392411 	 264 	 78 	 272
392412 	 262 	 76 	 270
392413 	 266 	 76 	 84
392414 	 266 	 74 	 80
392415 	 268 	 78 	 270
392416 	 268 	 76 	 282
392417 	 252 	 76 	 270
392418 	 74 	 76 	 272
392419 	 266 	 74 	 82
392420 	 266 	 76 	 274
392421 	 76 	 76 	 84
392422 	 74 	 74 	 274
392423 	 268 	 76 	 272
392424 	 244 	 74 	 82
392425 	 1156 	 74 	 80
392426 	 262 	 76 	 270
392427 	 266 	 74 	 274
392428 	 260 	 76 	 270
392429 	 76 	 270 	 254
392430 	 260 	 76 	 274
392431 	 264 	 78 	 84
392432 	 106 	 76 	 268
392433 	 78 	 76 	 268
392434 	 262 	 78 	 268
392435 	 268 	 78 	 82
392436 	 302 	 78 	 272
392437 	 78 	 78 	 274
392438 	 262 	 74 	 270
392439 	 266 	 76 	 272
392440 	 266 	 78 	 272
392441 	 268 	 76 	 80
392442 	 270 	 80 	 286
392443 	 264 	 74 	 272
392444 	 74 	 76 	 274
392445 	 266 	 78 	 82
392446 	 266 	 78 	 1218
392447 	 242 	 74 	 80
392448 	 312 	 308 	 252
392449 	 250 	 362 	 254
392450 	 244 	 244 	 256
392451 	 242 	 242 	 254
392452 	 246 	 78 	 80
392453 	 1054 	 82 	 370
392454 	 244 	 78 	 248
392455 	 268 	 80 	 272
392456 	 244 	 74 	 272
392457 	 264 	 248 	 246
392458 	 108 	 76 	 276
392459 	 72 	 76 	 272
392460 	 266 	 76 	 272
392461 	 264 	 80 	 82
392462 	 76 	 78 	 82
392463 	 76 	 76 	 272
392464 	 268 	 76 	 272
392465 	 268 	 76 	 274
392466 	 76 	 80 	 248
392467 	 78 	 76 	 272
392468 	 264 	 80 	 272
392469 	 268 	 78 	 272
392470 	 78 	 266 	 248
392471 	 264 	 74 	 274
392472 	 268 	 76 	 272
392473 	 96 	 76 	 270
392474 	 76 	 76 	 1254
392475 	 266 	 76 	 276
392476 	 270 	 78 	 270
392477 	 244 	 78 	 80
392478 	 264 	 78 	 80
392479 	 264 	 76 	 272
392480 	 268 	 78 	 274
392481 	 88 	 76 	 268
392482 	 78 	 78 	 272
392483 	 266 	 76 	 78
392484 	 264 	 78 	 270
392485 	 920 	 76 	 78
392486 	 258 	 78 	 84
392487 	 266 	 80 	 252
392488 	 266 	 74 	 248
392489 	 76 	 300 	 252
392490 	 244 	 78 	 82
392491 	 270 	 78 	 272
392492 	 374 	 78 	 82
392493 	 80 	 378 	 298
392494 	 240 	 78 	 82
392495 	 268 	 76 	 252
392496 	 254 	 78 	 82
392497 	 266 	 254 	 80
392498 	 262 	 76 	 272
392499 	 244 	 74 	 274
392500 	 106 	 74 	 272
392501 	 74 	 80 	 274
392502 	 264 	 76 	 84
392503 	 268 	 76 	 270
392504 	 266 	 80 	 276
392505 	 266 	 78 	 82
392506 	 266 	 76 	 1160
392507 	 248 	 84 	 456
392508 	 74 	 76 	 258
392509 	 264 	 74 	 304
392510 	 242 	 76 	 346
392511 	 284 	 76 	 80
392512 	 266 	 248 	 80
392513 	 248 	 76 	 250
392514 	 374 	 78 	 306
392515 	 260 	 74 	 248
392516 	 76 	 78 	 250
392517 	 286 	 74 	 1162
392518 	 250 	 78 	 84
392519 	 240 	 76 	 82
392520 	 244 	 198 	 86
392521 	 266 	 80 	 270
392522 	 252 	 78 	 270
392523 	 154 	 76 	 272
392524 	 74 	 78 	 274
392525 	 268 	 78 	 82
392526 	 268 	 76 	 274
392527 	 268 	 74 	 80
392528 	 242 	 76 	 80
392529 	 268 	 80 	 276
392530 	 268 	 74 	 272
392531 	 78 	 270 	 248
392532 	 268 	 78 	 276
392533 	 266 	 74 	 276
392534 	 264 	 78 	 84
392535 	 252 	 74 	 84
392536 	 266 	 80 	 268
392537 	 264 	 74 	 272
392538 	 80 	 74 	 1104
392539 	 78 	 78 	 278
392540 	 270 	 78 	 84
392541 	 268 	 78 	 274
392542 	 266 	 74 	 78
392543 	 246 	 74 	 80
392544 	 268 	 76 	 272
392545 	 268 	 78 	 278
392546 	 80 	 264 	 246
392547 	 270 	 76 	 274
392548 	 270 	 80 	 274
392549 	 802 	 76 	 274
392550 	 76 	 268 	 252
392551 	 266 	 76 	 274
392552 	 268 	 76 	 270
392553 	 182 	 76 	 270
392554 	 76 	 76 	 270
392555 	 266 	 76 	 276
392556 	 266 	 78 	 274
392557 	 78 	 80 	 80
392558 	 74 	 78 	 276
392559 	 264 	 78 	 78
392560 	 268 	 78 	 274
392561 	 266 	 78 	 272
392562 	 268 	 78 	 82
392563 	 266 	 80 	 272
392564 	 268 	 76 	 270
392565 	 74 	 264 	 250
392566 	 266 	 76 	 274
392567 	 270 	 76 	 80
392568 	 80 	 76 	 274
392569 	 78 	 76 	 270
392570 	 262 	 78 	 1152
392571 	 266 	 76 	 274
392572 	 266 	 76 	 80
392573 	 78 	 266 	 248
392574 	 268 	 76 	 274
392575 	 270 	 74 	 272
392576 	 268 	 76 	 80
392577 	 248 	 76 	 80
392578 	 266 	 76 	 272
392579 	 268 	 76 	 274
392580 	 76 	 78 	 274
392581 	 630 	 78 	 80
392582 	 268 	 76 	 86
392583 	 264 	 76 	 78
392584 	 264 	 172 	 82
392585 	 268 	 74 	 272
392586 	 270 	 78 	 274
392587 	 266 	 78 	 272
392588 	 76 	 78 	 274
392589 	 268 	 76 	 274
392590 	 270 	 76 	 272
392591 	 268 	 78 	 274
392592 	 244 	 80 	 80
392593 	 268 	 76 	 270
392594 	 268 	 78 	 276
392595 	 78 	 266 	 252
392596 	 268 	 78 	 274
392597 	 266 	 82 	 272
392598 	 244 	 76 	 82
392599 	 76 	 142 	 248
392600 	 266 	 76 	 80
392601 	 268 	 78 	 274
392602 	 1400 	 78 	 78
392603 	 244 	 78 	 274
392604 	 268 	 76 	 272
392605 	 262 	 78 	 274
392606 	 74 	 268 	 246
392607 	 268 	 76 	 82
392608 	 266 	 78 	 274
392609 	 222 	 74 	 82
392610 	 76 	 100 	 250
392611 	 266 	 76 	 274
392612 	 252 	 76 	 82
392613 	 722 	 76 	 80
392614 	 240 	 76 	 80
392615 	 266 	 78 	 274
392616 	 268 	 76 	 272
392617 	 80 	 266 	 258
392618 	 266 	 76 	 80
392619 	 266 	 74 	 270
392620 	 266 	 76 	 86
392621 	 244 	 78 	 82
392622 	 266 	 78 	 268
392623 	 270 	 80 	 272
392624 	 76 	 76 	 276
392625 	 74 	 80 	 272
392626 	 264 	 78 	 86
392627 	 266 	 76 	 270
392628 	 268 	 74 	 84
392629 	 264 	 74 	 80
392630 	 268 	 76 	 268
392631 	 264 	 78 	 276
392632 	 76 	 264 	 252
392633 	 264 	 76 	 274
392634 	 1302 	 76 	 82
392635 	 268 	 240 	 254
392636 	 270 	 80 	 82
392637 	 268 	 76 	 270
392638 	 266 	 78 	 274
392639 	 74 	 266 	 250
392640 	 262 	 76 	 80
392641 	 268 	 76 	 270
392642 	 170 	 76 	 80
392643 	 78 	 74 	 252
392644 	 264 	 76 	 274
392645 	 420 	 76 	 270
392646 	 74 	 78 	 272
392647 	 80 	 76 	 82
392648 	 264 	 76 	 274
392649 	 264 	 76 	 274
392650 	 76 	 262 	 248
392651 	 244 	 76 	 84
392652 	 264 	 72 	 270
392653 	 266 	 78 	 250
392654 	 82 	 78 	 272
392655 	 266 	 76 	 84
392656 	 262 	 80 	 274
392657 	 244 	 76 	 84
392658 	 76 	 268 	 258
392659 	 268 	 78 	 274
392660 	 268 	 76 	 272
392661 	 266 	 80 	 84
392662 	 248 	 76 	 84
392663 	 266 	 76 	 274
392664 	 266 	 76 	 270
392665 	 78 	 76 	 248
392666 	 80 	 74 	 690
392667 	 264 	 82 	 272
392668 	 268 	 78 	 104
392669 	 266 	 246 	 226
392670 	 264 	 76 	 276
392671 	 264 	 78 	 274
392672 	 162 	 76 	 272
392673 	 78 	 80 	 272
392674 	 270 	 78 	 276
392675 	 266 	 78 	 82
392676 	 262 	 76 	 80
392677 	 380 	 78 	 80
392678 	 268 	 76 	 272
392679 	 268 	 78 	 278
392680 	 122 	 76 	 270
392681 	 78 	 80 	 272
392682 	 266 	 76 	 268
392683 	 270 	 76 	 274
392684 	 270 	 76 	 272
392685 	 266 	 76 	 80
392686 	 268 	 76 	 276
392687 	 264 	 78 	 1264
392688 	 74 	 264 	 254
392689 	 76 	 72 	 276
392690 	 264 	 80 	 272
392691 	 244 	 76 	 78
392692 	 266 	 284 	 84
392693 	 262 	 78 	 268
392694 	 270 	 80 	 274
392695 	 270 	 78 	 276
392696 	 74 	 76 	 272
392697 	 268 	 76 	 82
392698 	 1032 	 78 	 82
392699 	 268 	 240 	 250
392700 	 266 	 78 	 82
392701 	 264 	 78 	 274
392702 	 268 	 80 	 272
392703 	 80 	 266 	 248
392704 	 268 	 80 	 82
392705 	 270 	 76 	 274
392706 	 78 	 74 	 78
392707 	 74 	 76 	 274
392708 	 268 	 74 	 276
392709 	 268 	 76 	 274
392710 	 76 	 78 	 82
392711 	 76 	 76 	 270
392712 	 264 	 78 	 84
392713 	 268 	 76 	 274
392714 	 74 	 74 	 82
392715 	 76 	 74 	 272
392716 	 268 	 78 	 274
392717 	 266 	 74 	 274
392718 	 80 	 76 	 272
392719 	 264 	 76 	 1192
392720 	 264 	 74 	 274
392721 	 264 	 76 	 270
392722 	 270 	 80 	 276
392723 	 264 	 76 	 80
392724 	 266 	 76 	 270
392725 	 264 	 76 	 250
392726 	 76 	 78 	 272
392727 	 264 	 76 	 84
392728 	 260 	 78 	 274
392729 	 268 	 76 	 84
392730 	 1126 	 78 	 80
392731 	 266 	 76 	 272
392732 	 268 	 80 	 272
392733 	 72 	 268 	 250
392734 	 264 	 76 	 276
392735 	 268 	 80 	 276
392736 	 268 	 80 	 82
392737 	 256 	 74 	 78
392738 	 268 	 76 	 276
392739 	 264 	 78 	 274
392740 	 80 	 268 	 246
392741 	 268 	 76 	 274
392742 	 266 	 74 	 272
392743 	 264 	 76 	 82
392744 	 244 	 78 	 80
392745 	 266 	 76 	 270
392746 	 266 	 78 	 274
392747 	 76 	 76 	 274
392748 	 262 	 78 	 274
392749 	 264 	 76 	 272
392750 	 242 	 76 	 82
392751 	 76 	 78 	 1290
392752 	 238 	 74 	 80
392753 	 268 	 80 	 270
392754 	 244 	 78 	 82
392755 	 266 	 76 	 80
392756 	 268 	 78 	 274
392757 	 266 	 76 	 274
392758 	 72 	 76 	 274
392759 	 78 	 76 	 270
392760 	 260 	 74 	 274
392761 	 268 	 80 	 274
392762 	 898 	 78 	 100
392763 	 268 	 78 	 274
392764 	 270 	 76 	 274
392765 	 268 	 78 	 250
392766 	 78 	 76 	 276
392767 	 264 	 76 	 80
392768 	 268 	 78 	 78
392769 	 168 	 76 	 80
392770 	 76 	 74 	 268
392771 	 264 	 80 	 272
392772 	 270 	 76 	 272
392773 	 248 	 76 	 78
392774 	 270 	 76 	 80
392775 	 266 	 76 	 270
392776 	 268 	 76 	 272
392777 	 190 	 78 	 272
392778 	 80 	 76 	 270
392779 	 268 	 76 	 276
392780 	 268 	 76 	 274
392781 	 76 	 76 	 82
392782 	 76 	 76 	 276
392783 	 270 	 76 	 1148
392784 	 268 	 76 	 270
392785 	 308 	 78 	 272
392786 	 78 	 78 	 272
392787 	 262 	 76 	 274
392788 	 266 	 76 	 274
392789 	 268 	 78 	 82
392790 	 264 	 76 	 84
392791 	 264 	 74 	 274
392792 	 264 	 76 	 272
392793 	 74 	 266 	 248
392794 	 772 	 80 	 84
392795 	 266 	 76 	 278
392796 	 210 	 80 	 272
392797 	 76 	 76 	 272
392798 	 264 	 74 	 270
392799 	 268 	 74 	 274
392800 	 266 	 78 	 82
392801 	 264 	 74 	 82
392802 	 266 	 76 	 274
392803 	 266 	 74 	 272
392804 	 80 	 268 	 252
392805 	 242 	 80 	 82
392806 	 266 	 76 	 274
392807 	 266 	 78 	 82
392808 	 248 	 76 	 80
392809 	 266 	 78 	 274
392810 	 266 	 80 	 274
392811 	 78 	 76 	 270
392812 	 268 	 76 	 78
392813 	 270 	 76 	 268
392814 	 244 	 76 	 82
392815 	 78 	 76 	 1326
392816 	 264 	 78 	 270
392817 	 268 	 76 	 274
392818 	 246 	 80 	 82
392819 	 76 	 78 	 272
392820 	 268 	 78 	 270
392821 	 268 	 78 	 276
392822 	 76 	 76 	 246
392823 	 76 	 76 	 80
392824 	 266 	 74 	 274
392825 	 268 	 76 	 82
392826 	 76 	 344 	 266
392827 	 266 	 78 	 80
392828 	 266 	 78 	 80
392829 	 268 	 78 	 82
392830 	 244 	 76 	 80
392831 	 266 	 80 	 272
392832 	 268 	 78 	 276
392833 	 78 	 76 	 270
392834 	 78 	 78 	 272
392835 	 270 	 76 	 82
392836 	 268 	 78 	 270
392837 	 326 	 78 	 84
392838 	 262 	 74 	 80
392839 	 272 	 78 	 274
392840 	 268 	 80 	 272
392841 	 76 	 268 	 248
392842 	 264 	 76 	 272
392843 	 262 	 74 	 272
392844 	 268 	 76 	 84
392845 	 266 	 76 	 80
392846 	 264 	 80 	 274
392847 	 1444 	 76 	 276
392848 	 268 	 246 	 252
392849 	 74 	 74 	 188
392850 	 270 	 76 	 274
392851 	 264 	 74 	 84
392852 	 76 	 266 	 252
392853 	 264 	 78 	 82
392854 	 268 	 78 	 274
392855 	 284 	 78 	 270
392856 	 74 	 76 	 268
392857 	 266 	 78 	 78
392858 	 544 	 76 	 270
392859 	 78 	 266 	 248
392860 	 74 	 78 	 80
392861 	 264 	 80 	 78
392862 	 264 	 76 	 82
392863 	 264 	 244 	 80
392864 	 266 	 76 	 270
392865 	 262 	 76 	 272
392866 	 78 	 74 	 268
392867 	 74 	 80 	 274
392868 	 266 	 76 	 1468
392869 	 260 	 76 	 270
392870 	 242 	 78 	 84
392871 	 268 	 142 	 84
392872 	 268 	 80 	 274
392873 	 268 	 78 	 274
392874 	 296 	 78 	 268
392875 	 80 	 78 	 272
392876 	 264 	 76 	 276
392877 	 270 	 74 	 276
392878 	 80 	 76 	 246
392879 	 76 	 80 	 770
392880 	 262 	 74 	 274
392881 	 266 	 76 	 86
392882 	 268 	 242 	 248
392883 	 266 	 80 	 272
392884 	 266 	 74 	 284
392885 	 266 	 78 	 274
392886 	 78 	 78 	 272
392887 	 266 	 74 	 274
392888 	 268 	 74 	 274
392889 	 76 	 74 	 252
392890 	 78 	 264 	 250
392891 	 268 	 76 	 272
392892 	 270 	 78 	 272
392893 	 266 	 74 	 80
392894 	 242 	 78 	 82
392895 	 268 	 80 	 272
392896 	 260 	 76 	 274
392897 	 74 	 80 	 272
392898 	 246 	 76 	 80
392899 	 270 	 78 	 82
392900 	 268 	 78 	 250
392901 	 78 	 76 	 270
392902 	 244 	 76 	 78
392903 	 268 	 76 	 274
392904 	 252 	 78 	 78
392905 	 76 	 122 	 252
392906 	 266 	 74 	 82
392907 	 270 	 76 	 270
392908 	 264 	 74 	 82
392909 	 270 	 76 	 76
392910 	 264 	 78 	 274
392911 	 1168 	 76 	 274
392912 	 74 	 244 	 248
392913 	 246 	 78 	 82
392914 	 266 	 78 	 274
392915 	 268 	 76 	 82
392916 	 76 	 158 	 250
392917 	 264 	 74 	 274
392918 	 268 	 78 	 272
392919 	 78 	 74 	 274
392920 	 74 	 74 	 276
392921 	 264 	 76 	 274
392922 	 348 	 78 	 82
392923 	 80 	 268 	 252
392924 	 266 	 78 	 270
392925 	 264 	 78 	 272
392926 	 264 	 78 	 84
392927 	 78 	 122 	 248
392928 	 268 	 80 	 78
392929 	 264 	 78 	 272
392930 	 272 	 80 	 82
392931 	 260 	 78 	 82
392932 	 268 	 76 	 1306
392933 	 268 	 78 	 274
392934 	 74 	 78 	 272
392935 	 80 	 80 	 274
392936 	 266 	 76 	 274
392937 	 266 	 76 	 144
392938 	 260 	 242 	 250
392939 	 266 	 78 	 272
392940 	 266 	 78 	 272
392941 	 264 	 74 	 272
392942 	 76 	 76 	 280
392943 	 1268 	 80 	 78
392944 	 268 	 76 	 272
392945 	 266 	 76 	 78
392946 	 264 	 76 	 80
392947 	 266 	 76 	 270
392948 	 266 	 76 	 274
392949 	 78 	 270 	 248
392950 	 260 	 78 	 82
392951 	 266 	 76 	 82
392952 	 262 	 80 	 80
392953 	 244 	 80 	 80
392954 	 436 	 76 	 272
392955 	 262 	 74 	 270
392956 	 78 	 78 	 274
392957 	 74 	 76 	 80
392958 	 264 	 76 	 272
392959 	 270 	 78 	 274
392960 	 76 	 264 	 248
392961 	 266 	 76 	 272
392962 	 266 	 80 	 78
392963 	 268 	 78 	 82
392964 	 242 	 76 	 80
392965 	 268 	 78 	 274
392966 	 268 	 80 	 274
392967 	 270 	 80 	 272
392968 	 74 	 78 	 272
392969 	 264 	 74 	 274
392970 	 266 	 78 	 272
392971 	 76 	 72 	 250
392972 	 80 	 78 	 274
392973 	 268 	 80 	 272
392974 	 244 	 78 	 80
392975 	 1016 	 82 	 80
392976 	 266 	 80 	 274
392977 	 268 	 76 	 272
392978 	 266 	 76 	 270
392979 	 76 	 80 	 270
392980 	 268 	 76 	 276
392981 	 268 	 80 	 274
392982 	 268 	 78 	 80
392983 	 268 	 78 	 84
392984 	 264 	 74 	 282
392985 	 262 	 78 	 274
392986 	 346 	 244 	 250
392987 	 78 	 78 	 270
392988 	 266 	 76 	 80
392989 	 264 	 78 	 94
392990 	 262 	 250 	 214
392991 	 264 	 76 	 274
392992 	 270 	 76 	 270
392993 	 204 	 76 	 270
392994 	 78 	 76 	 270
392995 	 270 	 78 	 270
392996 	 268 	 80 	 1144
392997 	 242 	 76 	 80
392998 	 268 	 238 	 78
392999 	 266 	 78 	 272
393000 	 268 	 76 	 270
393001 	 160 	 76 	 272
393002 	 76 	 76 	 272
393003 	 244 	 76 	 80
393004 	 268 	 74 	 268
393005 	 82 	 76 	 82
393006 	 76 	 80 	 274
393007 	 870 	 78 	 272
393008 	 270 	 80 	 156
393009 	 76 	 268 	 250
393010 	 268 	 80 	 82
393011 	 266 	 78 	 272
393012 	 268 	 80 	 80
393013 	 244 	 78 	 82
393014 	 264 	 78 	 274
393015 	 266 	 78 	 278
393016 	 80 	 78 	 270
393017 	 78 	 78 	 272
393018 	 268 	 78 	 272
393019 	 266 	 78 	 268
393020 	 266 	 78 	 272
393021 	 264 	 74 	 84
393022 	 270 	 80 	 274
393023 	 264 	 78 	 276
393024 	 74 	 78 	 264
393025 	 266 	 78 	 274
393026 	 270 	 78 	 274
393027 	 268 	 76 	 276
393028 	 266 	 76 	 84
393029 	 268 	 80 	 274
393030 	 268 	 76 	 272
393031 	 76 	 270 	 250
393032 	 264 	 80 	 274
393033 	 270 	 78 	 82
393034 	 264 	 76 	 80
393035 	 244 	 76 	 80
393036 	 270 	 76 	 274
393037 	 262 	 74 	 272
393038 	 78 	 76 	 270
393039 	 74 	 78 	 534
393040 	 264 	 76 	 80
393041 	 264 	 80 	 80
393042 	 268 	 246 	 82
393043 	 268 	 78 	 272
393044 	 270 	 78 	 274
393045 	 308 	 74 	 274
393046 	 78 	 76 	 272
393047 	 262 	 80 	 274
393048 	 270 	 76 	 276
393049 	 74 	 76 	 274
393050 	 78 	 80 	 270
393051 	 268 	 80 	 82
393052 	 266 	 78 	 86
393053 	 272 	 76 	 270
393054 	 82 	 80 	 274
393055 	 266 	 80 	 272
393056 	 268 	 78 	 270
393057 	 264 	 72 	 274
393058 	 262 	 74 	 82
393059 	 266 	 74 	 270
393060 	 268 	 74 	 1162
393061 	 74 	 272 	 250
393062 	 268 	 80 	 82
393063 	 268 	 78 	 272
393064 	 270 	 76 	 84
393065 	 76 	 268 	 250
393066 	 268 	 76 	 80
393067 	 266 	 78 	 276
393068 	 284 	 78 	 80
393069 	 74 	 262 	 248
393070 	 266 	 80 	 80
393071 	 728 	 78 	 270
393072 	 74 	 78 	 272
393073 	 78 	 76 	 270
393074 	 266 	 78 	 272
393075 	 268 	 76 	 182
393076 	 268 	 242 	 248
393077 	 264 	 74 	 274
393078 	 268 	 78 	 268
393079 	 264 	 76 	 272
393080 	 74 	 76 	 270
393081 	 262 	 78 	 272
393082 	 272 	 76 	 274
393083 	 74 	 76 	 274
393084 	 76 	 76 	 268
393085 	 264 	 74 	 82
393086 	 266 	 76 	 274
393087 	 264 	 76 	 268
393088 	 262 	 78 	 84
393089 	 266 	 76 	 270
393090 	 266 	 80 	 250
393091 	 74 	 78 	 274
393092 	 1426 	 76 	 78
393093 	 266 	 78 	 282
393094 	 76 	 80 	 272
393095 	 78 	 78 	 148
393096 	 266 	 78 	 270
393097 	 266 	 74 	 80
393098 	 268 	 242 	 186
393099 	 266 	 78 	 270
393100 	 270 	 78 	 278
393101 	 200 	 76 	 272
393102 	 78 	 78 	 272
393103 	 584 	 78 	 82
393104 	 266 	 78 	 274
393105 	 78 	 78 	 84
393106 	 74 	 80 	 274
393107 	 268 	 78 	 276
393108 	 264 	 78 	 272
393109 	 76 	 78 	 80
393110 	 78 	 78 	 80
393111 	 268 	 80 	 272
393112 	 268 	 82 	 80
393113 	 76 	 262 	 250
393114 	 242 	 82 	 80
393115 	 262 	 76 	 276
393116 	 264 	 74 	 86
393117 	 78 	 268 	 248
393118 	 262 	 78 	 80
393119 	 264 	 76 	 276
393120 	 268 	 78 	 82
393121 	 248 	 76 	 80
393122 	 266 	 82 	 270
393123 	 264 	 76 	 270
393124 	 78 	 76 	 802
393125 	 264 	 76 	 270
393126 	 264 	 74 	 274
393127 	 240 	 80 	 80
393128 	 262 	 90 	 86
393129 	 268 	 76 	 270
393130 	 270 	 78 	 276
393131 	 274 	 80 	 272
393132 	 78 	 76 	 272
393133 	 264 	 78 	 272
393134 	 266 	 78 	 284
393135 	 580 	 76 	 82
393136 	 78 	 264 	 250
393137 	 266 	 78 	 84
393138 	 264 	 74 	 274
393139 	 270 	 80 	 84
393140 	 242 	 76 	 80
393141 	 268 	 82 	 272
393142 	 266 	 76 	 272
393143 	 78 	 78 	 272
393144 	 80 	 78 	 272
393145 	 266 	 80 	 1454
393146 	 268 	 80 	 274
393147 	 246 	 78 	 78
393148 	 78 	 78 	 274
393149 	 268 	 82 	 270
393150 	 264 	 74 	 272
393151 	 268 	 78 	 82
393152 	 244 	 76 	 76
393153 	 264 	 74 	 270
393154 	 264 	 76 	 272
393155 	 76 	 78 	 248
393156 	 72 	 78 	 84
393157 	 264 	 78 	 274
393158 	 262 	 74 	 104
393159 	 74 	 266 	 248
393160 	 266 	 78 	 80
393161 	 266 	 76 	 270
393162 	 244 	 76 	 78
393163 	 264 	 78 	 82
393164 	 268 	 76 	 266
393165 	 266 	 76 	 274
393166 	 74 	 76 	 274
393167 	 76 	 110 	 250
393168 	 266 	 76 	 270
393169 	 268 	 78 	 270
393170 	 266 	 78 	 80
393171 	 244 	 82 	 82
393172 	 262 	 78 	 272
393173 	 270 	 76 	 274
393174 	 72 	 76 	 274
393175 	 76 	 76 	 268
393176 	 264 	 74 	 274
393177 	 268 	 78 	 1314
393178 	 262 	 238 	 248
393179 	 242 	 80 	 82
393180 	 264 	 76 	 270
393181 	 266 	 78 	 276
393182 	 78 	 268 	 250
393183 	 266 	 76 	 276
393184 	 268 	 78 	 274
393185 	 268 	 78 	 80
393186 	 244 	 82 	 82
393187 	 266 	 78 	 274
393188 	 1142 	 78 	 256
393189 	 78 	 270 	 250
393190 	 266 	 76 	 270
393191 	 270 	 78 	 274
393192 	 294 	 80 	 84
393193 	 78 	 160 	 250
393194 	 268 	 76 	 270
393195 	 264 	 76 	 270
393196 	 262 	 74 	 84
393197 	 270 	 80 	 84
393198 	 266 	 78 	 272
393199 	 312 	 80 	 272
393200 	 76 	 268 	 248
393201 	 268 	 82 	 80
393202 	 248 	 74 	 80
393203 	 110 	 80 	 80
393204 	 80 	 76 	 268
393205 	 244 	 76 	 78
393206 	 272 	 76 	 272
393207 	 268 	 76 	 82
393208 	 264 	 76 	 80
393209 	 272 	 78 	 1212
393210 	 262 	 74 	 274
393211 	 112 	 78 	 274
393212 	 74 	 86 	 88
393213 	 86 	 88 	 84
393214 	 220 	 244 	 248
393215 	 242 	 80 	 82
393216 	 270 	 78 	 272
393217 	 244 	 74 	 80
393218 	 266 	 246 	 78
393219 	 264 	 76 	 272
393220 	 266 	 78 	 272
393221 	 138 	 78 	 272
393222 	 84 	 78 	 276
393223 	 262 	 76 	 80
393224 	 268 	 76 	 272
393225 	 262 	 76 	 270
393226 	 270 	 76 	 84
393227 	 262 	 78 	 272
393228 	 268 	 80 	 274
393229 	 80 	 266 	 250
393230 	 266 	 80 	 272
393231 	 268 	 76 	 272
393232 	 262 	 80 	 84
393233 	 242 	 76 	 80
393234 	 262 	 78 	 1146
393235 	 264 	 74 	 268
393236 	 72 	 76 	 270
393237 	 78 	 76 	 268
393238 	 264 	 76 	 270
393239 	 264 	 76 	 272
393240 	 266 	 74 	 80
393241 	 266 	 76 	 80
393242 	 262 	 78 	 274
393243 	 264 	 78 	 272
393244 	 76 	 268 	 248
393245 	 924 	 76 	 270
393246 	 264 	 80 	 80
393247 	 268 	 76 	 82
393248 	 246 	 76 	 82
393249 	 268 	 76 	 270
393250 	 266 	 74 	 274
393251 	 74 	 268 	 248
393252 	 264 	 76 	 278
393253 	 266 	 76 	 270
393254 	 266 	 80 	 82
393255 	 246 	 82 	 78
393256 	 266 	 78 	 272
393257 	 266 	 76 	 272
393258 	 76 	 266 	 250
393259 	 266 	 76 	 270
393260 	 268 	 80 	 276
393261 	 268 	 74 	 82
393262 	 248 	 80 	 82
393263 	 264 	 78 	 272
393264 	 266 	 78 	 272
393265 	 76 	 78 	 274
393266 	 268 	 80 	 1152
393267 	 266 	 76 	 274
393268 	 266 	 78 	 80
393269 	 76 	 266 	 252
393270 	 272 	 80 	 272
393271 	 268 	 76 	 274
393272 	 266 	 76 	 84
393273 	 244 	 80 	 84
393274 	 266 	 74 	 274
393275 	 266 	 76 	 272
393276 	 76 	 74 	 274
393277 	 864 	 80 	 270
393278 	 266 	 76 	 274
393279 	 246 	 76 	 80
393280 	 74 	 80 	 270
393281 	 268 	 80 	 82
393282 	 268 	 78 	 278
393283 	 74 	 80 	 250
393284 	 74 	 78 	 272
393285 	 270 	 76 	 274
393286 	 266 	 78 	 270
393287 	 76 	 268 	 248
393288 	 270 	 76 	 274
393289 	 264 	 80 	 272
393290 	 266 	 74 	 80
393291 	 238 	 74 	 80
393292 	 264 	 78 	 274
393293 	 270 	 78 	 268
393294 	 74 	 266 	 250
393295 	 262 	 78 	 274
393296 	 262 	 74 	 276
393297 	 220 	 76 	 80
393298 	 74 	 1340 	 246
393299 	 264 	 76 	 272
393300 	 266 	 80 	 78
393301 	 266 	 80 	 84
393302 	 262 	 242 	 84
393303 	 264 	 76 	 274
393304 	 268 	 82 	 274
393305 	 96 	 76 	 274
393306 	 76 	 76 	 272
393307 	 266 	 76 	 82
393308 	 268 	 80 	 276
393309 	 754 	 76 	 84
393310 	 270 	 78 	 78
393311 	 264 	 76 	 272
393312 	 268 	 78 	 272
393313 	 76 	 270 	 252
393314 	 266 	 74 	 274
393315 	 266 	 76 	 272
393316 	 76 	 76 	 78
393317 	 72 	 78 	 268
393318 	 264 	 76 	 276
393319 	 264 	 78 	 272
393320 	 88 	 78 	 80
393321 	 74 	 76 	 272
393322 	 268 	 78 	 270
393323 	 264 	 76 	 272
393324 	 268 	 80 	 80
393325 	 240 	 78 	 82
393326 	 262 	 74 	 272
393327 	 266 	 76 	 270
393328 	 74 	 268 	 254
393329 	 264 	 78 	 84
393330 	 268 	 76 	 1146
393331 	 268 	 72 	 80
393332 	 260 	 242 	 82
393333 	 268 	 76 	 274
393334 	 268 	 78 	 270
393335 	 78 	 76 	 270
393336 	 76 	 76 	 270
393337 	 268 	 76 	 272
393338 	 266 	 76 	 274
393339 	 74 	 266 	 250
393340 	 76 	 76 	 272
393341 	 570 	 76 	 78
393342 	 244 	 78 	 80
393343 	 266 	 172 	 82
393344 	 266 	 80 	 274
393345 	 270 	 76 	 272
393346 	 98 	 78 	 272
393347 	 76 	 78 	 272
393348 	 266 	 78 	 270
393349 	 242 	 74 	 82
393350 	 268 	 78 	 80
393351 	 264 	 76 	 86
393352 	 262 	 78 	 274
393353 	 266 	 80 	 272
393354 	 74 	 76 	 272
393355 	 76 	 78 	 272
393356 	 266 	 76 	 270
393357 	 268 	 76 	 78
393358 	 266 	 76 	 80
393359 	 266 	 76 	 78
393360 	 268 	 76 	 270
393361 	 264 	 76 	 272
393362 	 74 	 1180 	 252
393363 	 266 	 76 	 274
393364 	 268 	 78 	 272
393365 	 246 	 78 	 82
393366 	 266 	 106 	 78
393367 	 264 	 78 	 270
393368 	 268 	 80 	 274
393369 	 118 	 78 	 272
393370 	 72 	 80 	 270
393371 	 262 	 78 	 276
393372 	 268 	 78 	 268
393373 	 528 	 80 	 270
393374 	 262 	 80 	 276
393375 	 264 	 80 	 270
393376 	 266 	 76 	 252
393377 	 76 	 76 	 272
393378 	 266 	 76 	 272
393379 	 272 	 78 	 272
393380 	 268 	 78 	 80
393381 	 268 	 76 	 84
393382 	 264 	 76 	 272
393383 	 268 	 76 	 1412
393384 	 74 	 264 	 246
393385 	 74 	 80 	 272
393386 	 264 	 76 	 272
393387 	 264 	 74 	 82
393388 	 266 	 242 	 80
393389 	 264 	 80 	 270
393390 	 264 	 76 	 272
393391 	 116 	 74 	 270
393392 	 76 	 74 	 276
393393 	 268 	 78 	 272
393394 	 1266 	 80 	 82
393395 	 80 	 268 	 248
393396 	 76 	 76 	 80
393397 	 266 	 74 	 80
393398 	 272 	 78 	 274
393399 	 76 	 78 	 250
393400 	 78 	 80 	 274
393401 	 264 	 80 	 274
393402 	 266 	 76 	 78
393403 	 80 	 264 	 252
393404 	 270 	 76 	 272
393405 	 452 	 80 	 82
393406 	 282 	 76 	 80
393407 	 76 	 140 	 250
393408 	 266 	 80 	 272
393409 	 270 	 78 	 272
393410 	 78 	 76 	 80
393411 	 80 	 76 	 274
393412 	 266 	 74 	 272
393413 	 240 	 78 	 80
393414 	 266 	 76 	 86
393415 	 268 	 80 	 80
393416 	 266 	 76 	 270
393417 	 262 	 78 	 270
393418 	 122 	 74 	 270
393419 	 76 	 78 	 272
393420 	 268 	 78 	 268
393421 	 262 	 74 	 274
393422 	 74 	 74 	 78
393423 	 72 	 80 	 276
393424 	 266 	 76 	 266
393425 	 266 	 74 	 82
393426 	 1136 	 74 	 84
393427 	 270 	 76 	 276
393428 	 266 	 80 	 272
393429 	 266 	 78 	 248
393430 	 70 	 76 	 274
393431 	 268 	 82 	 272
393432 	 264 	 76 	 272
393433 	 76 	 76 	 78
393434 	 74 	 76 	 82
393435 	 268 	 76 	 272
393436 	 272 	 80 	 84
393437 	 272 	 248 	 84
393438 	 266 	 74 	 270
393439 	 266 	 78 	 272
393440 	 162 	 74 	 272
393441 	 74 	 78 	 272
393442 	 266 	 76 	 286
393443 	 266 	 78 	 84
393444 	 268 	 76 	 82
393445 	 250 	 82 	 82
393446 	 268 	 78 	 276
393447 	 268 	 76 	 1278
393448 	 72 	 74 	 246
393449 	 76 	 76 	 274
393450 	 270 	 78 	 270
393451 	 268 	 78 	 272
393452 	 78 	 268 	 250
393453 	 260 	 74 	 84
393454 	 264 	 78 	 274
393455 	 76 	 76 	 78
393456 	 72 	 78 	 274
393457 	 268 	 76 	 270
393458 	 1086 	 74 	 82
393459 	 84 	 244 	 250
393460 	 74 	 78 	 274
393461 	 270 	 76 	 276
393462 	 268 	 78 	 276
393463 	 268 	 78 	 268
393464 	 266 	 76 	 80
393465 	 266 	 76 	 272
393466 	 266 	 80 	 270
393467 	 78 	 76 	 270
393468 	 270 	 76 	 78
393469 	 430 	 76 	 270
393470 	 266 	 80 	 84
393471 	 248 	 76 	 80
393472 	 264 	 76 	 274
393473 	 266 	 78 	 278
393474 	 80 	 76 	 272
393475 	 266 	 76 	 274
393476 	 270 	 80 	 274
393477 	 240 	 78 	 80
393478 	 264 	 242 	 82
393479 	 268 	 76 	 1168
393480 	 266 	 80 	 272
393481 	 266 	 76 	 270
393482 	 78 	 266 	 252
393483 	 266 	 80 	 276
393484 	 266 	 78 	 256
393485 	 136 	 76 	 78
393486 	 78 	 78 	 272
393487 	 268 	 76 	 82
393488 	 264 	 78 	 274
393489 	 74 	 76 	 78
393490 	 78 	 76 	 486
393491 	 266 	 78 	 270
393492 	 262 	 76 	 272
393493 	 74 	 76 	 248
393494 	 74 	 76 	 270
393495 	 268 	 78 	 274
393496 	 248 	 76 	 82
393497 	 266 	 108 	 80
393498 	 264 	 74 	 270
393499 	 264 	 76 	 272
393500 	 76 	 76 	 272
393501 	 76 	 80 	 248
393502 	 264 	 76 	 80
393503 	 268 	 76 	 270
393504 	 262 	 78 	 84
393505 	 264 	 78 	 80
393506 	 264 	 76 	 270
393507 	 262 	 76 	 272
393508 	 76 	 264 	 250
393509 	 266 	 76 	 84
393510 	 264 	 76 	 82
393511 	 240 	 78 	 78
393512 	 74 	 264 	 254
393513 	 74 	 80 	 80
393514 	 262 	 76 	 270
393515 	 268 	 76 	 276
393516 	 76 	 268 	 248
393517 	 264 	 74 	 272
393518 	 266 	 76 	 272
393519 	 74 	 74 	 272
393520 	 76 	 76 	 270
393521 	 264 	 76 	 272
393522 	 810 	 80 	 82
393523 	 264 	 242 	 248
393524 	 268 	 78 	 84
393525 	 264 	 76 	 272
393526 	 268 	 80 	 252
393527 	 76 	 80 	 274
393528 	 266 	 78 	 278
393529 	 266 	 80 	 272
393530 	 266 	 78 	 80
393531 	 262 	 76 	 80
393532 	 264 	 78 	 268
393533 	 260 	 74 	 270
393534 	 262 	 74 	 268
393535 	 76 	 74 	 272
393536 	 74 	 74 	 270
393537 	 266 	 74 	 268
393538 	 736 	 74 	 268
393539 	 74 	 264 	 246
393540 	 266 	 74 	 270
393541 	 266 	 76 	 266
393542 	 264 	 74 	 80
393543 	 260 	 74 	 76
393544 	 260 	 72 	 268
393545 	 266 	 74 	 266
393546 	 74 	 260 	 246
393547 	 266 	 74 	 268
393548 	 264 	 76 	 272
393549 	 104 	 74 	 268
393550 	 72 	 76 	 270
393551 	 264 	 76 	 274
393552 	 260 	 76 	 274
393553 	 268 	 78 	 270
393554 	 262 	 72 	 78
393555 	 260 	 78 	 270
393556 	 294 	 76 	 270
393557 	 74 	 76 	 268
393558 	 262 	 80 	 270
393559 	 260 	 72 	 1160
393560 	 262 	 74 	 268
393561 	 240 	 76 	 78
393562 	 264 	 72 	 272
393563 	 262 	 74 	 270
393564 	 78 	 74 	 270
393565 	 262 	 76 	 266
393566 	 262 	 78 	 270
393567 	 264 	 74 	 78
393568 	 244 	 74 	 76
393569 	 260 	 72 	 272
393570 	 648 	 76 	 272
393571 	 72 	 266 	 250
393572 	 256 	 78 	 270
393573 	 264 	 72 	 274
393574 	 264 	 74 	 80
393575 	 240 	 74 	 78
393576 	 264 	 78 	 268
393577 	 266 	 74 	 272
393578 	 74 	 262 	 250
393579 	 264 	 76 	 266
393580 	 262 	 76 	 266
393581 	 238 	 72 	 80
393582 	 262 	 242 	 138
393583 	 260 	 76 	 266
393584 	 268 	 74 	 268
393585 	 74 	 74 	 264
393586 	 74 	 74 	 266
393587 	 262 	 72 	 272
393588 	 266 	 74 	 76
393589 	 72 	 264 	 246
393590 	 260 	 72 	 268
393591 	 1374 	 72 	 80
393592 	 264 	 240 	 244
393593 	 264 	 76 	 78
393594 	 264 	 78 	 272
393595 	 262 	 74 	 272
393596 	 74 	 76 	 270
393597 	 264 	 74 	 268
393598 	 264 	 74 	 272
393599 	 268 	 78 	 268
393600 	 264 	 74 	 78
393601 	 262 	 72 	 272
393602 	 532 	 78 	 272
393603 	 74 	 262 	 250
393604 	 262 	 72 	 76
393605 	 264 	 72 	 272
393606 	 264 	 72 	 82
393607 	 238 	 74 	 82
393608 	 262 	 74 	 270
393609 	 266 	 74 	 266
393610 	 74 	 260 	 252
393611 	 264 	 74 	 268
393612 	 262 	 72 	 268
393613 	 242 	 74 	 84
393614 	 262 	 116 	 78
393615 	 266 	 76 	 268
393616 	 266 	 76 	 272
393617 	 74 	 72 	 272
393618 	 74 	 74 	 268
393619 	 262 	 74 	 268
393620 	 260 	 74 	 80
393621 	 264 	 240 	 138
393622 	 262 	 78 	 268
393623 	 1270 	 74 	 272
393624 	 76 	 260 	 250
393625 	 74 	 74 	 268
393626 	 264 	 76 	 272
393627 	 264 	 70 	 78
393628 	 76 	 262 	 246
393629 	 262 	 74 	 80
393630 	 246 	 74 	 80
393631 	 264 	 74 	 78
393632 	 236 	 72 	 82
393633 	 260 	 74 	 270
393634 	 394 	 72 	 270
393635 	 72 	 262 	 242
393636 	 262 	 76 	 272
393637 	 266 	 78 	 272
393638 	 76 	 74 	 78
393639 	 76 	 76 	 270
393640 	 264 	 78 	 270
393641 	 262 	 76 	 82
393642 	 262 	 244 	 162
393643 	 266 	 74 	 268
393644 	 266 	 74 	 1402
393645 	 266 	 78 	 270
393646 	 70 	 264 	 244
393647 	 262 	 74 	 270
393648 	 266 	 76 	 268
393649 	 76 	 78 	 274
393650 	 70 	 76 	 272
393651 	 264 	 76 	 80
393652 	 266 	 80 	 138
393653 	 70 	 266 	 248
393654 	 262 	 74 	 82
393655 	 1226 	 76 	 78
393656 	 266 	 242 	 248
393657 	 262 	 80 	 78
393658 	 260 	 76 	 270
393659 	 258 	 74 	 268
393660 	 74 	 138 	 244
393661 	 264 	 76 	 270
393662 	 262 	 74 	 78
393663 	 264 	 72 	 80
393664 	 260 	 74 	 76
393665 	 260 	 74 	 272
393666 	 302 	 76 	 248
393667 	 74 	 74 	 270
393668 	 266 	 74 	 268
393669 	 262 	 76 	 266
393670 	 74 	 74 	 76
393671 	 74 	 76 	 266
393672 	 240 	 74 	 78
393673 	 264 	 74 	 78
393674 	 260 	 244 	 138
393675 	 262 	 74 	 270
393676 	 264 	 76 	 1236
393677 	 262 	 74 	 242
393678 	 78 	 74 	 266
393679 	 262 	 74 	 268
393680 	 262 	 78 	 268
393681 	 78 	 264 	 252
393682 	 262 	 76 	 266
393683 	 264 	 78 	 272
393684 	 262 	 74 	 78
393685 	 240 	 74 	 76
393686 	 266 	 76 	 268
393687 	 1056 	 74 	 270
393688 	 76 	 264 	 244
393689 	 266 	 76 	 270
393690 	 264 	 76 	 272
393691 	 262 	 78 	 78
393692 	 260 	 76 	 84
393693 	 266 	 74 	 270
393694 	 264 	 74 	 270
393695 	 74 	 266 	 242
393696 	 264 	 78 	 272
393697 	 260 	 76 	 272
393698 	 240 	 72 	 80
393699 	 264 	 254 	 78
393700 	 262 	 72 	 270
393701 	 266 	 74 	 268
393702 	 72 	 76 	 270
393703 	 72 	 74 	 266
393704 	 266 	 74 	 272
393705 	 262 	 74 	 270
393706 	 74 	 260 	 248
393707 	 264 	 74 	 266
393708 	 262 	 72 	 1168
393709 	 240 	 76 	 78
393710 	 74 	 78 	 268
393711 	 266 	 74 	 270
393712 	 262 	 76 	 270
393713 	 74 	 74 	 244
393714 	 72 	 78 	 78
393715 	 268 	 74 	 268
393716 	 266 	 72 	 80
393717 	 262 	 242 	 80
393718 	 266 	 74 	 268
393719 	 954 	 74 	 268
393720 	 74 	 262 	 244
393721 	 72 	 72 	 272
393722 	 244 	 74 	 76
393723 	 266 	 74 	 76
393724 	 264 	 242 	 78
393725 	 264 	 76 	 270
393726 	 264 	 74 	 272
393727 	 118 	 76 	 270
393728 	 72 	 72 	 272
393729 	 272 	 72 	 78
393730 	 262 	 74 	 76
393731 	 78 	 76 	 82
393732 	 74 	 74 	 82
393733 	 264 	 76 	 266
393734 	 266 	 74 	 78
393735 	 74 	 268 	 248
393736 	 244 	 74 	 78
393737 	 266 	 76 	 268
393738 	 130 	 74 	 80
393739 	 70 	 76 	 270
393740 	 264 	 76 	 1158
393741 	 240 	 80 	 78
393742 	 264 	 74 	 248
393743 	 74 	 78 	 272
393744 	 266 	 74 	 78
393745 	 258 	 74 	 266
393746 	 266 	 74 	 76
393747 	 262 	 74 	 80
393748 	 268 	 74 	 274
393749 	 268 	 76 	 270
393750 	 74 	 260 	 252
393751 	 1086 	 78 	 80
393752 	 260 	 78 	 268
393753 	 264 	 74 	 80
393754 	 242 	 74 	 78
393755 	 264 	 74 	 270
393756 	 260 	 78 	 268
393757 	 74 	 266 	 246
393758 	 264 	 74 	 78
393759 	 264 	 74 	 264
393760 	 74 	 74 	 274
393761 	 74 	 72 	 276
393762 	 266 	 76 	 268
393763 	 264 	 74 	 80
393764 	 260 	 242 	 76
393765 	 266 	 74 	 266
393766 	 266 	 74 	 268
393767 	 80 	 76 	 270
393768 	 74 	 76 	 286
393769 	 264 	 72 	 268
393770 	 266 	 74 	 272
393771 	 262 	 74 	 270
393772 	 262 	 76 	 78
393773 	 262 	 74 	 270
393774 	 260 	 72 	 270
393775 	 76 	 264 	 246
393776 	 266 	 72 	 76
393777 	 264 	 76 	 268
393778 	 264 	 74 	 78
393779 	 240 	 72 	 76
393780 	 264 	 74 	 272
393781 	 264 	 74 	 272
393782 	 74 	 74 	 270
393783 	 788 	 74 	 76
393784 	 262 	 84 	 320
393785 	 272 	 242 	 250
393786 	 260 	 76 	 244
393787 	 266 	 74 	 270
393788 	 262 	 76 	 82
393789 	 266 	 240 	 246
393790 	 264 	 254 	 78
393791 	 264 	 76 	 268
393792 	 262 	 74 	 272
393793 	 246 	 74 	 274
393794 	 72 	 74 	 266
393795 	 264 	 74 	 268
393796 	 264 	 76 	 270
393797 	 76 	 74 	 264
393798 	 266 	 74 	 268
393799 	 262 	 74 	 270
393800 	 280 	 76 	 78
393801 	 72 	 266 	 248
393802 	 268 	 74 	 268
393803 	 264 	 78 	 272
393804 	 70 	 74 	 78
393805 	 76 	 78 	 274
393806 	 268 	 74 	 78
393807 	 262 	 74 	 172
393808 	 70 	 266 	 244
393809 	 266 	 74 	 272
393810 	 260 	 76 	 270
393811 	 688 	 72 	 270
393812 	 74 	 266 	 246
393813 	 264 	 72 	 270
393814 	 264 	 72 	 270
393815 	 72 	 72 	 268
393816 	 76 	 76 	 272
393817 	 262 	 78 	 270
393818 	 262 	 80 	 270
393819 	 70 	 96 	 244
393820 	 244 	 78 	 270
393821 	 264 	 76 	 272
393822 	 240 	 74 	 76
393823 	 260 	 78 	 82
393824 	 262 	 74 	 266
393825 	 262 	 74 	 268
393826 	 78 	 74 	 268
393827 	 72 	 76 	 272
393828 	 268 	 74 	 268
393829 	 264 	 74 	 78
393830 	 260 	 240 	 192
393831 	 264 	 76 	 270
393832 	 1422 	 74 	 272
393833 	 72 	 262 	 250
393834 	 70 	 74 	 270
393835 	 260 	 78 	 266
393836 	 240 	 72 	 78
393837 	 72 	 74 	 260
393838 	 266 	 74 	 274
393839 	 264 	 76 	 266
393840 	 262 	 74 	 266
393841 	 262 	 72 	 78
393842 	 264 	 74 	 268
393843 	 540 	 74 	 266
393844 	 72 	 264 	 248
393845 	 266 	 76 	 270
393846 	 264 	 78 	 274
393847 	 266 	 76 	 78
393848 	 264 	 74 	 76
393849 	 264 	 72 	 270
393850 	 266 	 74 	 268
393851 	 74 	 78 	 248
393852 	 268 	 76 	 274
393853 	 266 	 76 	 272
393854 	 70 	 72 	 80
393855 	 74 	 76 	 266
393856 	 264 	 80 	 268
393857 	 264 	 72 	 268
393858 	 74 	 72 	 266
393859 	 264 	 72 	 272
393860 	 262 	 74 	 270
393861 	 240 	 78 	 78
393862 	 236 	 74 	 80
393863 	 264 	 76 	 270
393864 	 1340 	 76 	 250
393865 	 76 	 266 	 250
393866 	 268 	 74 	 268
393867 	 264 	 76 	 270
393868 	 260 	 76 	 78
393869 	 240 	 76 	 78
393870 	 266 	 74 	 266
393871 	 262 	 76 	 268
393872 	 70 	 266 	 246
393873 	 266 	 74 	 266
393874 	 264 	 72 	 270
393875 	 72 	 74 	 284
393876 	 266 	 76 	 272
393877 	 260 	 72 	 268
393878 	 258 	 74 	 78
393879 	 240 	 76 	 76
393880 	 262 	 74 	 268
393881 	 264 	 74 	 272
393882 	 74 	 76 	 268
393883 	 74 	 74 	 264
393884 	 262 	 76 	 266
393885 	 270 	 74 	 1390
393886 	 72 	 266 	 242
393887 	 76 	 72 	 80
393888 	 268 	 74 	 268
393889 	 264 	 80 	 274
393890 	 74 	 262 	 242
393891 	 264 	 74 	 268
393892 	 266 	 76 	 266
393893 	 72 	 74 	 76
393894 	 74 	 72 	 272
393895 	 268 	 76 	 274
393896 	 1198 	 74 	 78
393897 	 258 	 242 	 248
393898 	 266 	 74 	 80
393899 	 264 	 76 	 270
393900 	 262 	 72 	 244
393901 	 74 	 74 	 268
393902 	 268 	 78 	 272
393903 	 262 	 74 	 272
393904 	 78 	 262 	 242
393905 	 262 	 72 	 268
393906 	 262 	 76 	 272
393907 	 664 	 72 	 76
393908 	 72 	 264 	 242
393909 	 260 	 78 	 272
393910 	 266 	 74 	 270
393911 	 262 	 76 	 78
393912 	 262 	 78 	 80
393913 	 268 	 74 	 264
393914 	 262 	 78 	 274
393915 	 72 	 118 	 246
393916 	 262 	 76 	 270
393917 	 266 	 80 	 1350
393918 	 72 	 72 	 248
393919 	 74 	 72 	 270
393920 	 270 	 76 	 272
393921 	 238 	 78 	 78
393922 	 70 	 78 	 268
393923 	 264 	 74 	 266
393924 	 264 	 72 	 266
393925 	 262 	 74 	 78
393926 	 262 	 76 	 78
393927 	 260 	 78 	 266
393928 	 1096 	 74 	 270
393929 	 76 	 262 	 250
393930 	 274 	 72 	 78
393931 	 260 	 74 	 270
393932 	 76 	 78 	 268
393933 	 74 	 74 	 270
393934 	 264 	 74 	 268
393935 	 260 	 72 	 112
393936 	 268 	 244 	 196
393937 	 262 	 80 	 270
393938 	 262 	 76 	 270
393939 	 226 	 74 	 272
393940 	 76 	 76 	 272
393941 	 268 	 74 	 78
393942 	 262 	 72 	 76
393943 	 70 	 74 	 80
393944 	 72 	 74 	 272
393945 	 262 	 74 	 268
393946 	 264 	 74 	 272
393947 	 74 	 266 	 248
393948 	 266 	 80 	 80
393949 	 264 	 74 	 1206
393950 	 250 	 76 	 78
393951 	 260 	 72 	 78
393952 	 266 	 76 	 270
393953 	 266 	 78 	 272
393954 	 76 	 74 	 274
393955 	 74 	 72 	 272
393956 	 268 	 74 	 78
393957 	 262 	 74 	 78
393958 	 266 	 244 	 78
393959 	 262 	 76 	 266
393960 	 1028 	 74 	 270
393961 	 124 	 78 	 270
393962 	 72 	 74 	 268
393963 	 264 	 76 	 268
393964 	 266 	 74 	 266
393965 	 262 	 72 	 262
393966 	 264 	 72 	 78
393967 	 260 	 76 	 270
393968 	 260 	 78 	 268
393969 	 72 	 74 	 270
393970 	 264 	 76 	 270
393971 	 260 	 76 	 268
393972 	 72 	 72 	 264
393973 	 260 	 74 	 266
393974 	 268 	 74 	 274
393975 	 268 	 74 	 268
393976 	 76 	 74 	 270
393977 	 260 	 76 	 274
393978 	 260 	 78 	 272
393979 	 262 	 74 	 78
393980 	 262 	 74 	 82
393981 	 264 	 78 	 1162
393982 	 266 	 76 	 270
393983 	 76 	 74 	 270
393984 	 74 	 74 	 272
393985 	 268 	 74 	 268
393986 	 264 	 76 	 80
393987 	 262 	 242 	 80
393988 	 264 	 78 	 270
393989 	 270 	 74 	 266
393990 	 74 	 72 	 270
393991 	 78 	 76 	 270
393992 	 912 	 72 	 270
393993 	 268 	 78 	 80
393994 	 72 	 262 	 246
393995 	 264 	 72 	 264
393996 	 262 	 72 	 264
393997 	 72 	 74 	 268
393998 	 74 	 78 	 274
393999 	 258 	 74 	 266
394000 	 260 	 76 	 272
394001 	 70 	 258 	 242
394002 	 260 	 74 	 268
394003 	 262 	 76 	 266
394004 	 78 	 74 	 268
394005 	 76 	 78 	 266
394006 	 266 	 74 	 268
394007 	 264 	 74 	 78
394008 	 264 	 244 	 78
394009 	 266 	 74 	 270
394010 	 260 	 74 	 270
394011 	 86 	 74 	 268
394012 	 74 	 74 	 270
394013 	 264 	 72 	 1162
394014 	 262 	 76 	 270
394015 	 260 	 74 	 78
394016 	 236 	 72 	 78
394017 	 262 	 76 	 266
394018 	 262 	 74 	 264
394019 	 78 	 268 	 246
394020 	 264 	 76 	 272
394021 	 264 	 78 	 272
394022 	 78 	 74 	 268
394023 	 72 	 74 	 266
394024 	 744 	 74 	 268
394025 	 264 	 76 	 272
394026 	 76 	 266 	 246
394027 	 264 	 74 	 270
394028 	 246 	 74 	 78
394029 	 70 	 72 	 272
394030 	 74 	 76 	 270
394031 	 264 	 78 	 272
394032 	 266 	 74 	 78
394033 	 266 	 242 	 220
394034 	 264 	 76 	 270
394035 	 266 	 76 	 270
394036 	 206 	 74 	 270
394037 	 74 	 74 	 270
394038 	 264 	 74 	 76
394039 	 264 	 74 	 268
394040 	 262 	 74 	 270
394041 	 262 	 76 	 78
394042 	 260 	 72 	 270
394043 	 264 	 74 	 272
394044 	 74 	 72 	 270
394045 	 262 	 72 	 78
394046 	 264 	 74 	 268
394047 	 262 	 74 	 78
394048 	 240 	 80 	 78
394049 	 264 	 74 	 272
394050 	 264 	 74 	 270
394051 	 74 	 76 	 272
394052 	 258 	 76 	 266
394053 	 262 	 74 	 266
394054 	 260 	 72 	 78
394055 	 240 	 74 	 78
394056 	 690 	 78 	 268
394057 	 262 	 76 	 270
394058 	 76 	 264 	 246
394059 	 264 	 78 	 266
394060 	 268 	 74 	 266
394061 	 262 	 76 	 78
394062 	 260 	 76 	 78
394063 	 266 	 74 	 270
394064 	 264 	 74 	 264
394065 	 72 	 94 	 248
394066 	 262 	 74 	 272
394067 	 268 	 76 	 270
394068 	 264 	 74 	 80
394069 	 262 	 76 	 82
394070 	 260 	 72 	 266
394071 	 266 	 74 	 268
394072 	 78 	 78 	 248
394073 	 266 	 76 	 82
394074 	 262 	 78 	 270
394075 	 70 	 72 	 246
394076 	 74 	 74 	 270
394077 	 1438 	 76 	 270
394078 	 262 	 74 	 272
394079 	 250 	 72 	 76
394080 	 262 	 76 	 272
394081 	 262 	 74 	 264
394082 	 74 	 72 	 272
394083 	 264 	 74 	 268
394084 	 264 	 74 	 268
394085 	 266 	 78 	 78
394086 	 244 	 76 	 76
394087 	 266 	 74 	 266
394088 	 594 	 80 	 272
394089 	 74 	 264 	 246
394090 	 266 	 76 	 270
394091 	 262 	 76 	 268
394092 	 262 	 78 	 78
394093 	 266 	 74 	 78
394094 	 264 	 74 	 274
394095 	 262 	 70 	 266
394096 	 72 	 264 	 244
394097 	 262 	 74 	 264
394098 	 262 	 74 	 78
394099 	 262 	 74 	 270
394100 	 72 	 128 	 246
394101 	 262 	 76 	 266
394102 	 260 	 78 	 270
394103 	 262 	 72 	 80
394104 	 262 	 74 	 76
394105 	 268 	 74 	 268
394106 	 266 	 74 	 270
394107 	 74 	 262 	 244
394108 	 266 	 74 	 266
394109 	 1304 	 76 	 80
394110 	 70 	 264 	 248
394111 	 76 	 74 	 80
394112 	 262 	 74 	 80
394113 	 246 	 74 	 80
394114 	 72 	 262 	 246
394115 	 244 	 78 	 78
394116 	 264 	 74 	 266
394117 	 86 	 78 	 82
394118 	 72 	 74 	 270
394119 	 244 	 78 	 82
394120 	 466 	 76 	 272
394121 	 72 	 76 	 246
394122 	 74 	 72 	 268
394123 	 264 	 76 	 272
394124 	 238 	 74 	 82
394125 	 74 	 72 	 270
394126 	 264 	 76 	 272
394127 	 266 	 74 	 268
394128 	 74 	 76 	 272
394129 	 266 	 74 	 266
394130 	 266 	 76 	 266
394131 	 172 	 74 	 82
394132 	 76 	 74 	 266
394133 	 262 	 72 	 268
394134 	 262 	 76 	 268
394135 	 76 	 74 	 270
394136 	 262 	 74 	 272
394137 	 266 	 74 	 270
394138 	 266 	 74 	 272
394139 	 72 	 74 	 270
394140 	 264 	 74 	 266
394141 	 1234 	 74 	 78
394142 	 264 	 240 	 250
394143 	 262 	 74 	 78
394144 	 262 	 74 	 266
394145 	 262 	 74 	 266
394146 	 72 	 74 	 268
394147 	 266 	 74 	 270
394148 	 262 	 78 	 266
394149 	 76 	 74 	 268
394150 	 264 	 74 	 270
394151 	 262 	 72 	 268
394152 	 352 	 74 	 80
394153 	 264 	 242 	 82
394154 	 260 	 72 	 272
394155 	 268 	 74 	 268
394156 	 90 	 80 	 270
394157 	 74 	 76 	 274
394158 	 266 	 80 	 272
394159 	 262 	 76 	 270
394160 	 264 	 76 	 272
394161 	 262 	 74 	 78
394162 	 262 	 74 	 1356
394163 	 264 	 78 	 270
394164 	 72 	 264 	 250
394165 	 262 	 76 	 84
394166 	 266 	 72 	 268
394167 	 94 	 74 	 80
394168 	 74 	 72 	 272
394169 	 266 	 76 	 272
394170 	 266 	 76 	 274
394171 	 264 	 74 	 270
394172 	 262 	 74 	 80
394173 	 1142 	 76 	 268
394174 	 260 	 72 	 270
394175 	 72 	 74 	 266
394176 	 268 	 76 	 270
394177 	 268 	 74 	 268
394178 	 262 	 74 	 270
394179 	 258 	 76 	 78
394180 	 264 	 74 	 286
394181 	 266 	 74 	 270
394182 	 72 	 74 	 268
394183 	 262 	 76 	 266
394184 	 256 	 78 	 78
394185 	 74 	 74 	 266
394186 	 262 	 72 	 270
394187 	 264 	 74 	 272
394188 	 104 	 74 	 268
394189 	 72 	 74 	 266
394190 	 262 	 74 	 270
394191 	 268 	 74 	 80
394192 	 262 	 238 	 180
394193 	 262 	 72 	 274
394194 	 264 	 74 	 1188
394195 	 258 	 76 	 270
394196 	 72 	 134 	 244
394197 	 266 	 74 	 270
394198 	 260 	 76 	 272
394199 	 264 	 76 	 78
394200 	 266 	 74 	 82
394201 	 260 	 72 	 268
394202 	 264 	 72 	 248
394203 	 74 	 76 	 270
394204 	 268 	 74 	 270
394205 	 1034 	 74 	 78
394206 	 264 	 238 	 246
394207 	 266 	 76 	 78
394208 	 268 	 72 	 272
394209 	 264 	 78 	 270
394210 	 76 	 74 	 272
394211 	 264 	 72 	 268
394212 	 264 	 74 	 272
394213 	 76 	 74 	 248
394214 	 76 	 74 	 272
394215 	 264 	 74 	 268
394216 	 248 	 78 	 78
394217 	 260 	 262 	 76
394218 	 266 	 76 	 266
394219 	 266 	 74 	 268
394220 	 74 	 74 	 268
394221 	 76 	 74 	 272
394222 	 266 	 74 	 264
394223 	 262 	 74 	 78
394224 	 266 	 244 	 132
394225 	 264 	 74 	 268
394226 	 264 	 78 	 1146
394227 	 268 	 74 	 248
394228 	 76 	 74 	 268
394229 	 258 	 74 	 272
394230 	 260 	 74 	 270
394231 	 72 	 74 	 268
394232 	 260 	 76 	 270
394233 	 260 	 74 	 268
394234 	 262 	 72 	 78
394235 	 242 	 74 	 82
394236 	 262 	 82 	 86
394237 	 82 	 82 	 84
394238 	 266 	 78 	 270
394239 	 260 	 72 	 270
394240 	 78 	 268 	 248
394241 	 266 	 74 	 266
394242 	 264 	 74 	 270
394243 	 72 	 74 	 270
394244 	 76 	 76 	 270
394245 	 266 	 72 	 272
394246 	 262 	 72 	 266
394247 	 78 	 264 	 248
394248 	 266 	 76 	 268
394249 	 260 	 76 	 266
394250 	 76 	 76 	 274
394251 	 72 	 74 	 1222
394252 	 264 	 72 	 264
394253 	 264 	 76 	 270
394254 	 262 	 74 	 76
394255 	 244 	 74 	 78
394256 	 262 	 74 	 268
394257 	 266 	 74 	 270
394258 	 74 	 264 	 246
394259 	 260 	 74 	 270
394260 	 262 	 72 	 274
394261 	 76 	 74 	 270
394262 	 838 	 74 	 270
394263 	 264 	 80 	 278
394264 	 268 	 74 	 268
394265 	 76 	 72 	 266
394266 	 260 	 74 	 270
394267 	 264 	 74 	 274
394268 	 264 	 76 	 78
394269 	 262 	 74 	 78
394270 	 262 	 74 	 270
394271 	 268 	 74 	 252
394272 	 76 	 74 	 264
394273 	 264 	 78 	 270
394274 	 260 	 76 	 272
394275 	 268 	 244 	 246
394276 	 262 	 72 	 272
394277 	 264 	 76 	 266
394278 	 262 	 74 	 266
394279 	 74 	 74 	 266
394280 	 264 	 74 	 268
394281 	 266 	 76 	 268
394282 	 74 	 74 	 272
394283 	 268 	 78 	 1162
394284 	 264 	 74 	 270
394285 	 266 	 74 	 76
394286 	 262 	 242 	 78
394287 	 264 	 76 	 272
394288 	 264 	 72 	 272
394289 	 76 	 74 	 270
394290 	 72 	 72 	 270
394291 	 264 	 74 	 272
394292 	 266 	 76 	 274
394293 	 74 	 266 	 248
394294 	 728 	 74 	 268
394295 	 266 	 76 	 270
394296 	 70 	 76 	 78
394297 	 74 	 74 	 268
394298 	 264 	 74 	 280
394299 	 260 	 74 	 268
394300 	 74 	 262 	 256
394301 	 266 	 74 	 268
394302 	 266 	 74 	 266
394303 	 260 	 80 	 78
394304 	 266 	 74 	 80
394305 	 264 	 72 	 270
394306 	 262 	 72 	 244
394307 	 72 	 74 	 268
394308 	 262 	 74 	 266
394309 	 264 	 76 	 266
394310 	 264 	 74 	 266
394311 	 264 	 72 	 78
394312 	 262 	 74 	 268
394313 	 74 	 74 	 270
394314 	 74 	 74 	 266
394315 	 1458 	 74 	 266
394316 	 246 	 74 	 268
394317 	 266 	 76 	 268
394318 	 266 	 74 	 76
394319 	 260 	 74 	 268
394320 	 272 	 72 	 270
394321 	 76 	 74 	 266
394322 	 264 	 74 	 264
394323 	 262 	 78 	 272
394324 	 76 	 74 	 268
394325 	 266 	 78 	 270
394326 	 600 	 74 	 266
394327 	 264 	 72 	 266
394328 	 72 	 72 	 268
394329 	 264 	 72 	 272
394330 	 262 	 74 	 76
394331 	 78 	 76 	 270
394332 	 264 	 74 	 272
394333 	 264 	 74 	 264
394334 	 240 	 76 	 80
394335 	 276 	 74 	 78
394336 	 264 	 72 	 270
394337 	 266 	 74 	 266
394338 	 76 	 78 	 270
394339 	 76 	 74 	 268
394340 	 262 	 74 	 270
394341 	 260 	 74 	 270
394342 	 72 	 266 	 248
394343 	 264 	 74 	 266
394344 	 262 	 78 	 272
394345 	 260 	 74 	 80
394346 	 262 	 74 	 76
394347 	 1400 	 74 	 272
394348 	 262 	 74 	 268
394349 	 72 	 260 	 248
394350 	 262 	 74 	 266
394351 	 266 	 74 	 272
394352 	 78 	 74 	 268
394353 	 74 	 74 	 268
394354 	 262 	 76 	 272
394355 	 264 	 74 	 78
394356 	 260 	 244 	 210
394357 	 258 	 76 	 270
394358 	 466 	 74 	 268
394359 	 76 	 74 	 272
394360 	 74 	 74 	 272
394361 	 266 	 74 	 264
394362 	 260 	 72 	 80
394363 	 262 	 244 	 222
394364 	 270 	 74 	 270
394365 	 264 	 74 	 270
394366 	 174 	 72 	 270
394367 	 76 	 78 	 270
394368 	 264 	 76 	 1468
394369 	 266 	 70 	 264
394370 	 244 	 74 	 78
394371 	 240 	 72 	 76
394372 	 268 	 78 	 270
394373 	 262 	 76 	 274
394374 	 76 	 266 	 248
394375 	 266 	 72 	 266
394376 	 264 	 74 	 268
394377 	 266 	 78 	 80
394378 	 266 	 74 	 78
394379 	 1268 	 76 	 272
394380 	 266 	 74 	 270
394381 	 72 	 262 	 244
394382 	 240 	 72 	 80
394383 	 264 	 74 	 274
394384 	 76 	 72 	 262
394385 	 70 	 76 	 266
394386 	 262 	 74 	 264
394387 	 262 	 72 	 270
394388 	 74 	 262 	 252
394389 	 260 	 72 	 270
394390 	 422 	 72 	 272
394391 	 196 	 72 	 272
394392 	 74 	 72 	 268
394393 	 262 	 74 	 268
394394 	 262 	 74 	 264
394395 	 262 	 74 	 268
394396 	 264 	 76 	 78
394397 	 264 	 78 	 270
394398 	 268 	 74 	 272
394399 	 74 	 74 	 266
394400 	 258 	 76 	 78
394401 	 262 	 76 	 270
394402 	 244 	 74 	 80
394403 	 262 	 74 	 78
394404 	 262 	 80 	 270
394405 	 258 	 72 	 268
394406 	 78 	 74 	 268
394407 	 74 	 72 	 272
394408 	 266 	 76 	 268
394409 	 242 	 76 	 76
394410 	 262 	 258 	 78
394411 	 1120 	 74 	 270
394412 	 264 	 74 	 268
394413 	 72 	 72 	 272
394414 	 76 	 74 	 270
394415 	 264 	 78 	 268
394416 	 264 	 78 	 268
394417 	 268 	 74 	 270
394418 	 264 	 74 	 82
394419 	 264 	 76 	 272
394420 	 264 	 72 	 246
394421 	 72 	 74 	 270
394422 	 284 	 78 	 268
394423 	 266 	 76 	 272
394424 	 72 	 264 	 246
394425 	 266 	 76 	 268
394426 	 260 	 72 	 264
394427 	 74 	 72 	 80
394428 	 78 	 74 	 264
394429 	 262 	 74 	 266
394430 	 260 	 72 	 272
394431 	 266 	 74 	 266
394432 	 264 	 74 	 76
394433 	 266 	 74 	 268
394434 	 266 	 76 	 266
394435 	 74 	 264 	 248
394436 	 266 	 74 	 272
394437 	 264 	 78 	 270
394438 	 74 	 74 	 78
394439 	 242 	 74 	 82
394440 	 262 	 74 	 268
394441 	 254 	 74 	 78
394442 	 240 	 72 	 80
394443 	 1006 	 76 	 270
394444 	 260 	 74 	 266
394445 	 74 	 74 	 264
394446 	 76 	 74 	 268
394447 	 264 	 76 	 82
394448 	 266 	 74 	 270
394449 	 264 	 74 	 270
394450 	 260 	 70 	 82
394451 	 260 	 74 	 270
394452 	 266 	 74 	 270
394453 	 72 	 72 	 270
394454 	 264 	 74 	 270
394455 	 266 	 74 	 268
394456 	 258 	 74 	 272
394457 	 266 	 80 	 78
394458 	 266 	 74 	 272
394459 	 264 	 76 	 270
394460 	 72 	 72 	 270
394461 	 266 	 72 	 78
394462 	 262 	 78 	 270
394463 	 72 	 72 	 248
394464 	 76 	 74 	 1314
394465 	 264 	 76 	 270
394466 	 258 	 72 	 270
394467 	 264 	 74 	 78
394468 	 266 	 80 	 78
394469 	 266 	 76 	 272
394470 	 260 	 80 	 270
394471 	 74 	 162 	 246
394472 	 264 	 74 	 272
394473 	 262 	 72 	 80
394474 	 262 	 74 	 78
394475 	 1150 	 76 	 78
394476 	 260 	 76 	 272
394477 	 266 	 74 	 266
394478 	 74 	 166 	 248
394479 	 270 	 74 	 270
394480 	 264 	 74 	 272
394481 	 262 	 80 	 268
394482 	 264 	 74 	 78
394483 	 264 	 74 	 272
394484 	 196 	 74 	 270
394485 	 74 	 74 	 266
394486 	 262 	 76 	 270
394487 	 260 	 74 	 108
394488 	 262 	 246 	 158
394489 	 264 	 74 	 268
394490 	 262 	 74 	 266
394491 	 78 	 74 	 270
394492 	 74 	 74 	 266
394493 	 260 	 74 	 270
394494 	 264 	 76 	 80
394495 	 72 	 266 	 248
394496 	 266 	 72 	 1162
394497 	 266 	 76 	 270
394498 	 240 	 72 	 80
394499 	 262 	 72 	 80
394500 	 264 	 74 	 272
394501 	 264 	 72 	 270
394502 	 74 	 74 	 266
394503 	 74 	 72 	 268
394504 	 260 	 74 	 282
394505 	 262 	 74 	 80
394506 	 74 	 264 	 248
394507 	 906 	 76 	 76
394508 	 262 	 74 	 272
394509 	 168 	 76 	 270
394510 	 72 	 76 	 274
394511 	 264 	 78 	 270
394512 	 264 	 76 	 268
394513 	 268 	 74 	 270
394514 	 264 	 72 	 78
394515 	 262 	 74 	 272
394516 	 264 	 74 	 268
394517 	 76 	 74 	 266
394518 	 238 	 72 	 80
394519 	 266 	 74 	 268
394520 	 74 	 76 	 266
394521 	 262 	 76 	 268
394522 	 262 	 76 	 270
394523 	 264 	 74 	 80
394524 	 238 	 76 	 78
394525 	 262 	 74 	 266
394526 	 266 	 76 	 270
394527 	 76 	 264 	 244
394528 	 266 	 72 	 74
394529 	 262 	 72 	 268
394530 	 240 	 74 	 76
394531 	 262 	 74 	 78
394532 	 262 	 76 	 270
394533 	 266 	 76 	 272
394534 	 72 	 76 	 268
394535 	 72 	 74 	 176
394536 	 266 	 76 	 270
394537 	 266 	 78 	 78
394538 	 72 	 264 	 244
394539 	 816 	 74 	 80
394540 	 264 	 74 	 268
394541 	 266 	 74 	 76
394542 	 262 	 74 	 78
394543 	 266 	 76 	 266
394544 	 268 	 78 	 246
394545 	 72 	 74 	 268
394546 	 260 	 76 	 270
394547 	 264 	 76 	 78
394548 	 72 	 74 	 268
394549 	 72 	 72 	 270
394550 	 264 	 74 	 268
394551 	 264 	 76 	 78
394552 	 262 	 246 	 76
394553 	 264 	 74 	 266
394554 	 266 	 78 	 272
394555 	 128 	 76 	 272
394556 	 74 	 72 	 264
394557 	 264 	 74 	 264
394558 	 264 	 74 	 270
394559 	 76 	 266 	 250
394560 	 266 	 78 	 1160
394561 	 264 	 74 	 268
394562 	 242 	 76 	 78
394563 	 72 	 74 	 270
394564 	 266 	 74 	 264
394565 	 262 	 72 	 78
394566 	 74 	 264 	 252
394567 	 262 	 72 	 274
394568 	 264 	 74 	 268
394569 	 76 	 72 	 78
394570 	 72 	 74 	 270
394571 	 664 	 74 	 78
394572 	 264 	 74 	 270
394573 	 262 	 76 	 266
394574 	 262 	 74 	 76
394575 	 260 	 74 	 268
394576 	 262 	 74 	 270
394577 	 78 	 74 	 270
394578 	 268 	 74 	 80
394579 	 264 	 74 	 268
394580 	 266 	 78 	 274
394581 	 266 	 74 	 82
394582 	 278 	 72 	 264
394583 	 264 	 76 	 268
394584 	 76 	 266 	 250
394585 	 268 	 76 	 270
394586 	 270 	 74 	 272
394587 	 266 	 78 	 78
394588 	 260 	 74 	 82
394589 	 264 	 76 	 268
394590 	 264 	 72 	 268
394591 	 74 	 264 	 246
394592 	 1380 	 80 	 270
394593 	 264 	 74 	 272
394594 	 74 	 74 	 76
394595 	 78 	 76 	 268
394596 	 262 	 78 	 80
394597 	 264 	 78 	 274
394598 	 264 	 72 	 78
394599 	 260 	 76 	 80
394600 	 260 	 78 	 268
394601 	 264 	 74 	 270
394602 	 74 	 82 	 248
394603 	 842 	 72 	 78
394604 	 264 	 74 	 268
394605 	 74 	 74 	 264
394606 	 74 	 74 	 76
394607 	 260 	 78 	 78
394608 	 264 	 76 	 78
394609 	 72 	 262 	 246
394610 	 262 	 72 	 270
394611 	 262 	 74 	 266
394612 	 72 	 74 	 80
394613 	 74 	 76 	 268
394614 	 242 	 76 	 78
394615 	 264 	 72 	 266
394616 	 270 	 74 	 78
394617 	 262 	 74 	 76
394618 	 266 	 76 	 264
394619 	 262 	 76 	 268
394620 	 72 	 264 	 248
394621 	 260 	 74 	 272
394622 	 264 	 76 	 266
394623 	 72 	 74 	 268
394624 	 72 	 74 	 738
394625 	 262 	 72 	 268
394626 	 260 	 72 	 78
394627 	 264 	 240 	 116
394628 	 262 	 76 	 272
394629 	 266 	 74 	 268
394630 	 178 	 76 	 270
394631 	 78 	 76 	 270
394632 	 264 	 76 	 76
394633 	 260 	 72 	 272
394634 	 72 	 76 	 246
394635 	 74 	 186 	 248
394636 	 264 	 78 	 272
394637 	 266 	 74 	 268
394638 	 264 	 78 	 80
394639 	 264 	 74 	 78
394640 	 266 	 76 	 272
394641 	 264 	 74 	 270
394642 	 74 	 262 	 246
394643 	 262 	 72 	 272
394644 	 266 	 74 	 78
394645 	 260 	 72 	 84
394646 	 278 	 74 	 80
394647 	 266 	 74 	 270
394648 	 260 	 72 	 274
394649 	 74 	 172 	 246
394650 	 270 	 74 	 82
394651 	 264 	 74 	 268
394652 	 72 	 74 	 78
394653 	 74 	 78 	 268
394654 	 264 	 76 	 270
394655 	 264 	 80 	 88
394656 	 74 	 948 	 248
394657 	 246 	 74 	 84
394658 	 262 	 74 	 266
394659 	 262 	 74 	 266
394660 	 74 	 74 	 266
394661 	 258 	 74 	 268
394662 	 258 	 74 	 268
394663 	 262 	 78 	 78
394664 	 264 	 74 	 80
394665 	 266 	 76 	 272
394666 	 262 	 72 	 272
394667 	 74 	 114 	 248
394668 	 262 	 78 	 78
394669 	 264 	 74 	 272
394670 	 260 	 76 	 78
394671 	 260 	 70 	 80
394672 	 262 	 74 	 268
394673 	 264 	 76 	 270
394674 	 74 	 264 	 250
394675 	 264 	 74 	 266
394676 	 262 	 72 	 270
394677 	 76 	 74 	 78
394678 	 76 	 266 	 244
394679 	 262 	 78 	 270
394680 	 266 	 76 	 272
394681 	 268 	 72 	 80
394682 	 264 	 72 	 78
394683 	 258 	 76 	 268
394684 	 264 	 76 	 272
394685 	 74 	 266 	 246
394686 	 238 	 72 	 78
394687 	 260 	 74 	 266
394688 	 1112 	 78 	 78
394689 	 260 	 72 	 80
394690 	 264 	 74 	 272
394691 	 264 	 78 	 270
394692 	 76 	 262 	 244
394693 	 262 	 74 	 268
394694 	 266 	 78 	 268
394695 	 262 	 74 	 82
394696 	 268 	 74 	 78
394697 	 268 	 76 	 272
394698 	 264 	 76 	 266
394699 	 254 	 244 	 244
394700 	 76 	 76 	 268
394701 	 264 	 74 	 270
394702 	 264 	 74 	 120
394703 	 72 	 264 	 250
394704 	 262 	 80 	 78
394705 	 260 	 74 	 266
394706 	 266 	 74 	 76
394707 	 240 	 72 	 78
394708 	 262 	 74 	 268
394709 	 268 	 76 	 1128
394710 	 72 	 266 	 246
394711 	 264 	 76 	 274
394712 	 264 	 76 	 268
394713 	 264 	 74 	 78
394714 	 238 	 78 	 78
394715 	 262 	 74 	 270
394716 	 264 	 76 	 268
394717 	 76 	 268 	 248
394718 	 264 	 76 	 270
394719 	 266 	 78 	 270
394720 	 962 	 76 	 78
394721 	 266 	 74 	 78
394722 	 264 	 76 	 272
394723 	 262 	 74 	 272
394724 	 76 	 266 	 248
394725 	 266 	 78 	 272
394726 	 266 	 76 	 270
394727 	 266 	 78 	 78
394728 	 260 	 76 	 82
394729 	 262 	 74 	 272
394730 	 266 	 76 	 268
394731 	 74 	 264 	 244
394732 	 266 	 78 	 78
394733 	 258 	 74 	 268
394734 	 264 	 78 	 78
394735 	 262 	 74 	 82
394736 	 262 	 78 	 272
394737 	 264 	 72 	 268
394738 	 74 	 264 	 250
394739 	 262 	 74 	 266
394740 	 262 	 72 	 274
394741 	 72 	 76 	 78
394742 	 264 	 72 	 266
394743 	 260 	 74 	 266
394744 	 240 	 78 	 78
394745 	 260 	 74 	 78
394746 	 264 	 74 	 268
394747 	 260 	 72 	 266
394748 	 74 	 74 	 264
394749 	 76 	 74 	 272
394750 	 260 	 78 	 268
394751 	 264 	 76 	 272
394752 	 74 	 566 	 246
394753 	 260 	 74 	 78
394754 	 264 	 74 	 270
394755 	 266 	 74 	 78
394756 	 242 	 76 	 82
394757 	 268 	 74 	 264
394758 	 268 	 78 	 270
394759 	 74 	 76 	 272
394760 	 266 	 72 	 274
394761 	 260 	 76 	 270
394762 	 298 	 76 	 78
394763 	 76 	 266 	 244
394764 	 246 	 74 	 84
394765 	 264 	 72 	 270
394766 	 266 	 76 	 272
394767 	 78 	 78 	 278
394768 	 264 	 76 	 272
394769 	 266 	 76 	 268
394770 	 262 	 72 	 268
394771 	 266 	 76 	 78
394772 	 258 	 70 	 266
394773 	 268 	 76 	 1132
394774 	 74 	 262 	 246
394775 	 238 	 72 	 78
394776 	 262 	 74 	 272
394777 	 268 	 74 	 76
394778 	 264 	 74 	 80
394779 	 264 	 74 	 272
394780 	 268 	 76 	 266
394781 	 76 	 262 	 244
394782 	 264 	 74 	 268
394783 	 260 	 72 	 268
394784 	 810 	 74 	 270
394785 	 72 	 264 	 250
394786 	 262 	 76 	 268
394787 	 264 	 74 	 276
394788 	 260 	 74 	 80
394789 	 260 	 74 	 78
394790 	 258 	 74 	 270
394791 	 264 	 78 	 268
394792 	 74 	 264 	 244
394793 	 262 	 74 	 76
394794 	 260 	 76 	 270
394795 	 246 	 74 	 270
394796 	 74 	 72 	 268
394797 	 262 	 76 	 270
394798 	 266 	 76 	 266
394799 	 266 	 74 	 270
394800 	 264 	 72 	 82
394801 	 258 	 72 	 268
394802 	 264 	 74 	 266
394803 	 72 	 76 	 272
394804 	 260 	 76 	 266
394805 	 262 	 72 	 1160
394806 	 78 	 74 	 244
394807 	 74 	 78 	 272
394808 	 264 	 74 	 268
394809 	 266 	 74 	 78
394810 	 264 	 242 	 82
394811 	 262 	 74 	 268
394812 	 266 	 74 	 274
394813 	 72 	 72 	 268
394814 	 74 	 74 	 268
394815 	 262 	 74 	 270
394816 	 660 	 76 	 78
394817 	 268 	 246 	 246
394818 	 268 	 74 	 270
394819 	 262 	 74 	 268
394820 	 142 	 72 	 272
394821 	 74 	 72 	 268
394822 	 262 	 74 	 272
394823 	 262 	 76 	 76
394824 	 258 	 240 	 98
394825 	 264 	 78 	 266
394826 	 264 	 74 	 264
394827 	 174 	 78 	 268
394828 	 72 	 78 	 266
394829 	 262 	 76 	 78
394830 	 262 	 74 	 76
394831 	 264 	 238 	 178
394832 	 266 	 74 	 266
394833 	 262 	 72 	 266
394834 	 114 	 72 	 268
394835 	 74 	 74 	 270
394836 	 266 	 74 	 268
394837 	 1376 	 76 	 268
394838 	 232 	 240 	 248
394839 	 236 	 74 	 78
394840 	 264 	 74 	 264
394841 	 242 	 76 	 80
394842 	 262 	 76 	 78
394843 	 264 	 78 	 272
394844 	 266 	 78 	 280
394845 	 78 	 74 	 264
394846 	 74 	 72 	 78
394847 	 262 	 74 	 270
394848 	 506 	 72 	 270
394849 	 72 	 264 	 248
394850 	 262 	 76 	 78
394851 	 260 	 78 	 272
394852 	 106 	 74 	 78
394853 	 76 	 78 	 270
394854 	 264 	 74 	 78
394855 	 262 	 76 	 274
394856 	 264 	 72 	 272
394857 	 262 	 72 	 78
394858 	 260 	 76 	 268
394859 	 262 	 76 	 272
394860 	 74 	 74 	 268
394861 	 266 	 78 	 78
394862 	 266 	 74 	 268
394863 	 78 	 74 	 76
394864 	 72 	 76 	 270
394865 	 260 	 76 	 272
394866 	 264 	 78 	 270
394867 	 74 	 260 	 248
394868 	 262 	 72 	 82
394869 	 1352 	 74 	 80
394870 	 72 	 266 	 244
394871 	 74 	 76 	 78
394872 	 268 	 74 	 272
394873 	 264 	 76 	 78
394874 	 264 	 240 	 106
394875 	 260 	 74 	 266
394876 	 262 	 74 	 270
394877 	 74 	 74 	 272
394878 	 72 	 74 	 266
394879 	 260 	 76 	 266
394880 	 416 	 80 	 270
394881 	 74 	 270 	 246
394882 	 266 	 76 	 78
394883 	 264 	 76 	 274
394884 	 264 	 72 	 78
394885 	 260 	 74 	 78
394886 	 260 	 76 	 266
394887 	 266 	 74 	 268
394888 	 74 	 262 	 246
394889 	 264 	 76 	 82
394890 	 268 	 74 	 1398
394891 	 240 	 72 	 76
394892 	 264 	 138 	 80
394893 	 266 	 76 	 272
394894 	 264 	 78 	 274
394895 	 74 	 76 	 270
394896 	 74 	 72 	 264
394897 	 262 	 72 	 270
394898 	 240 	 76 	 82
394899 	 264 	 72 	 76
394900 	 262 	 74 	 78
394901 	 1232 	 78 	 272
394902 	 266 	 74 	 244
394903 	 74 	 74 	 264
394904 	 264 	 78 	 270
394905 	 266 	 74 	 130
394906 	 266 	 246 	 180
394907 	 264 	 76 	 272
394908 	 260 	 76 	 274
394909 	 78 	 74 	 268
394910 	 74 	 72 	 270
394911 	 268 	 74 	 266
394912 	 380 	 74 	 78
394913 	 74 	 262 	 244
394914 	 262 	 78 	 270
394915 	 262 	 74 	 268
394916 	 74 	 74 	 76
394917 	 72 	 74 	 76
394918 	 268 	 76 	 270
394919 	 262 	 74 	 78
394920 	 262 	 244 	 132
394921 	 266 	 74 	 272
394922 	 262 	 78 	 1284
394923 	 262 	 74 	 248
394924 	 76 	 74 	 270
394925 	 260 	 78 	 270
394926 	 266 	 74 	 270
394927 	 268 	 74 	 272
394928 	 266 	 74 	 80
394929 	 260 	 72 	 262
394930 	 266 	 74 	 266
394931 	 74 	 76 	 282
394932 	 264 	 74 	 76
394933 	 1056 	 76 	 82
394934 	 74 	 264 	 248
394935 	 266 	 76 	 270
394936 	 264 	 74 	 270
394937 	 262 	 72 	 76
394938 	 264 	 74 	 78
394939 	 266 	 80 	 272
394940 	 266 	 72 	 268
394941 	 72 	 266 	 248
394942 	 244 	 78 	 80
394943 	 264 	 72 	 272
394944 	 276 	 74 	 270
394945 	 74 	 76 	 272
394946 	 264 	 74 	 270
394947 	 264 	 80 	 82
394948 	 74 	 264 	 248
394949 	 262 	 76 	 78
394950 	 266 	 74 	 264
394951 	 264 	 78 	 78
394952 	 242 	 74 	 76
394953 	 268 	 74 	 264
394954 	 260 	 76 	 1218
394955 	 72 	 74 	 266
394956 	 238 	 74 	 78
394957 	 262 	 74 	 264
394958 	 262 	 72 	 246
394959 	 74 	 76 	 270
394960 	 262 	 76 	 78
394961 	 260 	 76 	 116
394962 	 72 	 266 	 246
394963 	 262 	 72 	 266
394964 	 262 	 74 	 266
394965 	 962 	 74 	 78
394966 	 260 	 74 	 80
394967 	 262 	 74 	 264
394968 	 264 	 76 	 266
394969 	 74 	 90 	 246
394970 	 262 	 76 	 80
394971 	 264 	 74 	 268
394972 	 262 	 76 	 272
394973 	 268 	 76 	 76
394974 	 260 	 74 	 272
394975 	 260 	 78 	 248
394976 	 74 	 74 	 272
394977 	 262 	 80 	 272
394978 	 268 	 76 	 78
394979 	 78 	 74 	 268
394980 	 262 	 78 	 272
394981 	 266 	 74 	 272
394982 	 264 	 74 	 78
394983 	 72 	 122 	 244
394984 	 266 	 76 	 80
394985 	 264 	 74 	 270
394986 	 266 	 72 	 78
394987 	 264 	 72 	 74
394988 	 264 	 76 	 270
394989 	 264 	 74 	 270
394990 	 76 	 266 	 248
394991 	 260 	 74 	 278
394992 	 262 	 74 	 268
394993 	 78 	 74 	 264
394994 	 72 	 74 	 268
394995 	 268 	 74 	 264
394996 	 264 	 74 	 190
394997 	 74 	 656 	 246
394998 	 268 	 74 	 268
394999 	 266 	 74 	 266
395000 	 114 	 76 	 270
395001 	 72 	 74 	 266
395002 	 266 	 74 	 266
395003 	 262 	 72 	 268
395004 	 262 	 72 	 78
395005 	 262 	 74 	 82
395006 	 258 	 74 	 264
395007 	 264 	 76 	 270
395008 	 74 	 240 	 246
395009 	 244 	 74 	 78
395010 	 260 	 74 	 268
395011 	 264 	 74 	 78
395012 	 236 	 76 	 78
395013 	 264 	 74 	 268
395014 	 262 	 72 	 268
395015 	 74 	 264 	 250
395016 	 266 	 74 	 264
395017 	 260 	 76 	 270
395018 	 262 	 78 	 78
395019 	 262 	 76 	 78
395020 	 266 	 74 	 268
395021 	 264 	 76 	 268
395022 	 76 	 264 	 248
395023 	 262 	 78 	 268
395024 	 262 	 74 	 270
395025 	 266 	 78 	 82
395026 	 280 	 78 	 82
395027 	 266 	 74 	 268
395028 	 268 	 76 	 268
395029 	 76 	 592 	 250
395030 	 264 	 78 	 278
395031 	 264 	 72 	 270
395032 	 266 	 74 	 78
395033 	 244 	 76 	 80
395034 	 264 	 74 	 266
395035 	 264 	 76 	 268
395036 	 72 	 264 	 258
395037 	 242 	 74 	 78
395038 	 262 	 80 	 270
395039 	 260 	 72 	 82
395040 	 238 	 76 	 80
395041 	 268 	 74 	 264
395042 	 264 	 78 	 270
395043 	 74 	 74 	 270
395044 	 264 	 74 	 264
395045 	 262 	 76 	 80
395046 	 262 	 72 	 78
395047 	 238 	 74 	 78
395048 	 262 	 76 	 266
395049 	 262 	 72 	 270
395050 	 76 	 1280 	 246
395051 	 266 	 72 	 270
395052 	 268 	 74 	 270
395053 	 264 	 72 	 74
395054 	 264 	 206 	 78
395055 	 262 	 74 	 272
395056 	 262 	 78 	 270
395057 	 78 	 74 	 270
395058 	 72 	 74 	 274
395059 	 266 	 74 	 76
395060 	 258 	 74 	 270
395061 	 74 	 674 	 250
395062 	 268 	 74 	 80
395063 	 264 	 74 	 272
395064 	 264 	 74 	 80
395065 	 242 	 76 	 78
395066 	 266 	 78 	 272
395067 	 264 	 72 	 264
395068 	 74 	 74 	 272
395069 	 238 	 74 	 78
395070 	 268 	 74 	 272
395071 	 244 	 78 	 80
395072 	 260 	 72 	 78
395073 	 262 	 76 	 270
395074 	 268 	 80 	 272
395075 	 72 	 74 	 270
395076 	 74 	 72 	 80
395077 	 262 	 72 	 268
395078 	 266 	 74 	 82
395079 	 264 	 246 	 148
395080 	 262 	 74 	 270
395081 	 266 	 76 	 270
395082 	 76 	 76 	 1044
395083 	 72 	 74 	 270
395084 	 266 	 74 	 76
395085 	 258 	 72 	 272
395086 	 74 	 78 	 78
395087 	 74 	 76 	 268
395088 	 260 	 74 	 78
395089 	 260 	 72 	 78
395090 	 74 	 74 	 78
395091 	 76 	 74 	 76
395092 	 242 	 74 	 80
395093 	 582 	 74 	 78
395094 	 74 	 262 	 242
395095 	 262 	 76 	 266
395096 	 262 	 76 	 270
395097 	 180 	 74 	 80
395098 	 76 	 74 	 272
395099 	 262 	 74 	 266
395100 	 262 	 72 	 270
395101 	 262 	 74 	 76
395102 	 264 	 76 	 80
395103 	 260 	 76 	 274
395104 	 266 	 72 	 240
395105 	 74 	 72 	 272
395106 	 266 	 74 	 82
395107 	 264 	 74 	 270
395108 	 262 	 242 	 246
395109 	 262 	 76 	 268
395110 	 262 	 72 	 272
395111 	 190 	 74 	 266
395112 	 78 	 76 	 272
395113 	 264 	 74 	 270
395114 	 1318 	 78 	 270
395115 	 186 	 244 	 244
395116 	 242 	 76 	 82
395117 	 264 	 78 	 82
395118 	 242 	 76 	 80
395119 	 76 	 76 	 272
395120 	 266 	 78 	 268
395121 	 262 	 74 	 270
395122 	 74 	 72 	 270
395123 	 266 	 74 	 266
395124 	 260 	 76 	 80
395125 	 484 	 74 	 78
395126 	 266 	 246 	 190
395127 	 266 	 74 	 264
395128 	 260 	 72 	 270
395129 	 72 	 74 	 272
395130 	 74 	 72 	 272
395131 	 264 	 74 	 274
395132 	 264 	 78 	 78
395133 	 262 	 238 	 132
395134 	 260 	 78 	 268
395135 	 260 	 78 	 1444
395136 	 11912 	 84 	 248
395137 	 240 	 242 	 248
395138 	 262 	 74 	 266
395139 	 264 	 242 	 246
395140 	 76 	 264 	 246
395141 	 262 	 72 	 80
395142 	 1192 	 74 	 82
395143 	 264 	 74 	 76
395144 	 238 	 74 	 80
395145 	 260 	 76 	 272
395146 	 260 	 72 	 270
395147 	 72 	 262 	 244
395148 	 262 	 74 	 80
395149 	 264 	 72 	 270
395150 	 264 	 74 	 80
395151 	 242 	 76 	 80
395152 	 262 	 74 	 270
395153 	 352 	 76 	 268
395154 	 70 	 266 	 248
395155 	 266 	 74 	 82
395156 	 268 	 78 	 270
395157 	 244 	 74 	 80
395158 	 240 	 76 	 78
395159 	 262 	 78 	 272
395160 	 262 	 74 	 270
395161 	 72 	 72 	 268
395162 	 268 	 74 	 78
395163 	 266 	 74 	 1356
395164 	 260 	 72 	 270
395165 	 76 	 78 	 248
395166 	 76 	 80 	 272
395167 	 256 	 72 	 270
395168 	 244 	 72 	 76
395169 	 266 	 78 	 78
395170 	 260 	 78 	 266
395171 	 264 	 76 	 272
395172 	 74 	 76 	 266
395173 	 238 	 78 	 78
395174 	 1128 	 72 	 274
395175 	 238 	 76 	 80
395176 	 262 	 196 	 78
395177 	 260 	 76 	 268
395178 	 260 	 74 	 246
395179 	 74 	 78 	 266
395180 	 72 	 74 	 268
395181 	 264 	 74 	 270
395182 	 260 	 76 	 78
395183 	 262 	 240 	 78
395184 	 264 	 74 	 264
395185 	 262 	 74 	 266
395186 	 76 	 74 	 272
395187 	 70 	 76 	 78
395188 	 260 	 74 	 272
395189 	 262 	 80 	 128
395190 	 258 	 238 	 158
395191 	 262 	 74 	 268
395192 	 260 	 72 	 266
395193 	 80 	 74 	 276
395194 	 70 	 72 	 248
395195 	 408 	 74 	 398
395196 	 306 	 72 	 78
395197 	 78 	 242 	 248
395198 	 266 	 74 	 274
395199 	 266 	 76 	 270
395200 	 70 	 72 	 78
395201 	 72 	 76 	 270
395202 	 266 	 72 	 78
395203 	 264 	 76 	 174
395204 	 262 	 246 	 174
395205 	 264 	 76 	 270
395206 	 1054 	 76 	 270
395207 	 72 	 260 	 242
395208 	 74 	 76 	 266
395209 	 264 	 74 	 268
395210 	 238 	 74 	 78
395211 	 264 	 246 	 78
395212 	 264 	 72 	 272
395213 	 268 	 74 	 270
395214 	 72 	 76 	 270
395215 	 78 	 78 	 270
395216 	 260 	 76 	 78
395217 	 262 	 72 	 78
395218 	 72 	 264 	 244
395219 	 260 	 72 	 270
395220 	 262 	 74 	 270
395221 	 262 	 74 	 80
395222 	 238 	 74 	 78
395223 	 264 	 74 	 268
395224 	 262 	 74 	 272
395225 	 76 	 266 	 242
395226 	 260 	 74 	 268
395227 	 264 	 74 	 1162
395228 	 236 	 74 	 78
395229 	 236 	 78 	 78
395230 	 260 	 72 	 270
395231 	 264 	 74 	 268
395232 	 72 	 72 	 272
395233 	 266 	 78 	 268
395234 	 260 	 78 	 272
395235 	 266 	 74 	 246
395236 	 74 	 76 	 270
395237 	 266 	 74 	 270
395238 	 894 	 76 	 78
395239 	 74 	 264 	 252
395240 	 70 	 76 	 78
395241 	 262 	 74 	 270
395242 	 242 	 76 	 80
395243 	 70 	 74 	 270
395244 	 266 	 76 	 268
395245 	 264 	 78 	 270
395246 	 74 	 74 	 244
395247 	 74 	 78 	 270
395248 	 266 	 76 	 268
395249 	 242 	 76 	 78
395250 	 262 	 216 	 80
395251 	 266 	 76 	 268
395252 	 266 	 78 	 272
395253 	 76 	 74 	 268
395254 	 72 	 74 	 272
395255 	 238 	 72 	 80
395256 	 264 	 74 	 78
395257 	 266 	 246 	 178
395258 	 266 	 76 	 268
395259 	 260 	 74 	 1164
395260 	 266 	 84 	 88
395261 	 84 	 84 	 80
395262 	 268 	 74 	 244
395263 	 76 	 566 	 246
395264 	 266 	 74 	 80
395265 	 262 	 74 	 272
395266 	 266 	 72 	 74
395267 	 74 	 266 	 248
395268 	 266 	 76 	 272
395269 	 260 	 74 	 266
395270 	 268 	 74 	 80
395271 	 262 	 78 	 78
395272 	 266 	 74 	 268
395273 	 262 	 72 	 266
395274 	 74 	 72 	 246
395275 	 262 	 74 	 84
395276 	 262 	 78 	 270
395277 	 74 	 74 	 78
395278 	 72 	 76 	 84
395279 	 262 	 76 	 268
395280 	 264 	 74 	 78
395281 	 266 	 244 	 78
395282 	 258 	 72 	 268
395283 	 264 	 76 	 270
395284 	 72 	 72 	 1066
395285 	 74 	 74 	 260
395286 	 266 	 72 	 80
395287 	 262 	 76 	 268
395288 	 264 	 74 	 268
395289 	 266 	 74 	 76
395290 	 264 	 74 	 272
395291 	 262 	 74 	 270
395292 	 76 	 74 	 266
395293 	 262 	 72 	 274
395294 	 262 	 76 	 270
395295 	 76 	 74 	 80
395296 	 72 	 74 	 268
395297 	 262 	 74 	 266
395298 	 262 	 76 	 78
395299 	 264 	 244 	 76
395300 	 260 	 74 	 266
395301 	 262 	 78 	 266
395302 	 144 	 72 	 264
395303 	 72 	 74 	 266
395304 	 266 	 76 	 266
395305 	 264 	 74 	 78
395306 	 76 	 262 	 244
395307 	 72 	 76 	 268
395308 	 260 	 74 	 76
395309 	 262 	 74 	 76
395310 	 74 	 264 	 244
395311 	 266 	 74 	 84
395312 	 260 	 70 	 282
395313 	 102 	 74 	 80
395314 	 74 	 78 	 272
395315 	 264 	 76 	 78
395316 	 1424 	 74 	 78
395317 	 74 	 264 	 248
395318 	 78 	 74 	 270
395319 	 264 	 74 	 272
395320 	 242 	 74 	 78
395321 	 74 	 74 	 266
395322 	 264 	 72 	 272
395323 	 264 	 76 	 272
395324 	 76 	 78 	 82
395325 	 264 	 76 	 194
395326 	 264 	 74 	 268
395327 	 628 	 74 	 78
395328 	 266 	 240 	 250
395329 	 264 	 72 	 270
395330 	 262 	 72 	 268
395331 	 128 	 76 	 270
395332 	 72 	 76 	 270
395333 	 266 	 76 	 266
395334 	 260 	 72 	 80
395335 	 264 	 244 	 172
395336 	 264 	 74 	 270
395337 	 266 	 74 	 268
395338 	 74 	 74 	 266
395339 	 76 	 74 	 272
395340 	 262 	 74 	 272
395341 	 262 	 78 	 128
395342 	 262 	 242 	 168
395343 	 268 	 74 	 272
395344 	 262 	 74 	 270
395345 	 72 	 74 	 270
395346 	 72 	 74 	 266
395347 	 260 	 76 	 268
395348 	 1340 	 76 	 78
395349 	 260 	 238 	 186
395350 	 260 	 80 	 268
395351 	 264 	 76 	 274
395352 	 100 	 74 	 266
395353 	 74 	 74 	 268
395354 	 262 	 72 	 268
395355 	 260 	 76 	 78
395356 	 264 	 244 	 190
395357 	 264 	 74 	 270
395358 	 258 	 74 	 266
395359 	 504 	 74 	 270
395360 	 74 	 142 	 244
395361 	 266 	 74 	 270
395362 	 264 	 72 	 262
395363 	 264 	 74 	 80
395364 	 262 	 76 	 84
395365 	 264 	 72 	 272
395366 	 266 	 78 	 272
395367 	 74 	 266 	 246
395368 	 264 	 74 	 78
395369 	 260 	 74 	 1470
395370 	 266 	 72 	 78
395371 	 72 	 264 	 250
395372 	 264 	 72 	 272
395373 	 262 	 74 	 266
395374 	 266 	 74 	 82
395375 	 242 	 74 	 78
395376 	 262 	 76 	 268
395377 	 264 	 74 	 272
395378 	 74 	 268 	 250
395379 	 264 	 74 	 272
395380 	 1284 	 76 	 76
395381 	 266 	 244 	 246
395382 	 266 	 74 	 80
395383 	 260 	 78 	 270
395384 	 262 	 76 	 244
395385 	 72 	 74 	 266
395386 	 260 	 74 	 264
395387 	 262 	 74 	 78
395388 	 268 	 240 	 188
395389 	 264 	 76 	 276
395390 	 266 	 74 	 270
395391 	 420 	 78 	 266
395392 	 74 	 74 	 284
395393 	 264 	 74 	 78
395394 	 260 	 78 	 268
395395 	 74 	 72 	 270
395396 	 266 	 74 	 270
395397 	 266 	 74 	 264
395398 	 128 	 74 	 76
395399 	 74 	 74 	 268
395400 	 266 	 74 	 268
395401 	 264 	 74 	 1356
395402 	 74 	 76 	 272
395403 	 78 	 76 	 274
395404 	 264 	 76 	 78
395405 	 264 	 74 	 84
395406 	 266 	 244 	 218
395407 	 262 	 74 	 268
395408 	 266 	 74 	 268
395409 	 72 	 74 	 268
395410 	 76 	 78 	 270
395411 	 262 	 72 	 270
395412 	 1154 	 76 	 78
395413 	 72 	 264 	 248
395414 	 266 	 76 	 272
395415 	 264 	 74 	 82
395416 	 264 	 74 	 272
395417 	 72 	 76 	 272
395418 	 264 	 72 	 80
395419 	 262 	 74 	 78
395420 	 76 	 266 	 248
395421 	 264 	 78 	 272
395422 	 266 	 74 	 266
395423 	 310 	 74 	 78
395424 	 260 	 240 	 76
395425 	 266 	 76 	 270
395426 	 266 	 76 	 266
395427 	 102 	 74 	 268
395428 	 76 	 78 	 268
395429 	 262 	 76 	 266
395430 	 264 	 74 	 270
395431 	 262 	 78 	 268
395432 	 264 	 74 	 78
395433 	 262 	 74 	 1244
395434 	 262 	 74 	 266
395435 	 74 	 262 	 244
395436 	 262 	 74 	 268
395437 	 258 	 74 	 266
395438 	 264 	 74 	 78
395439 	 256 	 76 	 80
395440 	 262 	 74 	 276
395441 	 260 	 76 	 270
395442 	 74 	 260 	 242
395443 	 262 	 74 	 270
395444 	 1010 	 72 	 80
395445 	 264 	 244 	 248
395446 	 260 	 74 	 80
395447 	 262 	 74 	 272
395448 	 264 	 78 	 246
395449 	 72 	 74 	 270
395450 	 266 	 76 	 272
395451 	 268 	 78 	 132
395452 	 266 	 242 	 244
395453 	 262 	 72 	 272
395454 	 264 	 72 	 268
395455 	 226 	 76 	 270
395456 	 76 	 78 	 272
395457 	 260 	 72 	 270
395458 	 268 	 74 	 272
395459 	 72 	 72 	 248
395460 	 74 	 76 	 82
395461 	 266 	 74 	 264
395462 	 258 	 76 	 270
395463 	 74 	 264 	 244
395464 	 268 	 74 	 78
395465 	 266 	 74 	 80
395466 	 238 	 72 	 78
395467 	 264 	 218 	 78
395468 	 266 	 74 	 268
395469 	 262 	 72 	 268
395470 	 72 	 74 	 268
395471 	 74 	 74 	 268
395472 	 262 	 74 	 270
395473 	 264 	 76 	 76
395474 	 270 	 240 	 78
395475 	 262 	 74 	 268
395476 	 936 	 72 	 270
395477 	 76 	 264 	 246
395478 	 74 	 72 	 272
395479 	 264 	 74 	 78
395480 	 264 	 76 	 80
395481 	 262 	 250 	 78
395482 	 270 	 74 	 268
395483 	 262 	 74 	 270
395484 	 74 	 76 	 270
395485 	 72 	 76 	 270
395486 	 264 	 74 	 268
395487 	 258 	 72 	 268
395488 	 262 	 74 	 268
395489 	 266 	 74 	 76
395490 	 260 	 72 	 266
395491 	 262 	 76 	 268
395492 	 72 	 76 	 270
395493 	 264 	 74 	 78
395494 	 264 	 72 	 268
395495 	 264 	 74 	 78
395496 	 266 	 78 	 82
395497 	 264 	 72 	 1164
395498 	 264 	 78 	 268
395499 	 74 	 72 	 246
395500 	 74 	 74 	 80
395501 	 264 	 74 	 268
395502 	 262 	 72 	 78
395503 	 74 	 266 	 244
395504 	 266 	 78 	 272
395505 	 266 	 74 	 266
395506 	 74 	 74 	 272
395507 	 72 	 72 	 274
395508 	 856 	 76 	 78
395509 	 264 	 72 	 80
395510 	 266 	 244 	 148
395511 	 264 	 74 	 264
395512 	 264 	 76 	 268
395513 	 76 	 74 	 270
395514 	 72 	 74 	 264
395515 	 262 	 74 	 268
395516 	 262 	 76 	 80
395517 	 266 	 242 	 146
395518 	 262 	 74 	 266
395519 	 262 	 78 	 268
395520 	 74 	 74 	 266
395521 	 72 	 76 	 266
395522 	 264 	 76 	 266
395523 	 264 	 74 	 82
395524 	 74 	 264 	 244
395525 	 264 	 72 	 268
395526 	 266 	 76 	 268
395527 	 268 	 76 	 76
395528 	 264 	 74 	 80
395529 	 264 	 78 	 1164
395530 	 264 	 76 	 270
395531 	 74 	 74 	 270
395532 	 78 	 78 	 270
395533 	 266 	 76 	 270
395534 	 242 	 74 	 82
395535 	 72 	 264 	 244
395536 	 268 	 74 	 78
395537 	 262 	 74 	 268
395538 	 262 	 74 	 78
395539 	 246 	 80 	 80
395540 	 712 	 78 	 272
395541 	 262 	 74 	 272
395542 	 72 	 266 	 246
395543 	 264 	 76 	 272
395544 	 264 	 74 	 266
395545 	 76 	 76 	 78
395546 	 74 	 74 	 268
395547 	 264 	 76 	 272
395548 	 264 	 76 	 78
395549 	 264 	 246 	 180
395550 	 266 	 78 	 270
395551 	 258 	 74 	 272
395552 	 122 	 74 	 270
395553 	 78 	 74 	 268
395554 	 260 	 76 	 272
395555 	 264 	 72 	 158
395556 	 262 	 238 	 182
395557 	 266 	 74 	 264
395558 	 260 	 76 	 266
395559 	 74 	 74 	 268
395560 	 70 	 74 	 272
395561 	 266 	 74 	 1160
395562 	 264 	 74 	 268
395563 	 260 	 74 	 78
395564 	 260 	 74 	 78
395565 	 264 	 78 	 268
395566 	 264 	 74 	 266
395567 	 74 	 74 	 270
395568 	 256 	 78 	 268
395569 	 268 	 74 	 270
395570 	 76 	 74 	 76
395571 	 72 	 74 	 266
395572 	 604 	 74 	 270
395573 	 266 	 76 	 80
395574 	 74 	 264 	 246
395575 	 266 	 74 	 76
395576 	 264 	 72 	 268
395577 	 264 	 74 	 76
395578 	 260 	 74 	 76
395579 	 264 	 76 	 268
395580 	 268 	 78 	 268
395581 	 72 	 264 	 248
395582 	 266 	 74 	 78
395583 	 244 	 76 	 268
395584 	 242 	 76 	 82
395585 	 72 	 264 	 246
395586 	 264 	 76 	 268
395587 	 264 	 76 	 270
395588 	 266 	 76 	 80
395589 	 264 	 74 	 80
395590 	 266 	 80 	 270
395591 	 264 	 76 	 246
395592 	 74 	 74 	 264
395593 	 1412 	 72 	 266
395594 	 266 	 74 	 268
395595 	 260 	 76 	 78
395596 	 264 	 78 	 78
395597 	 268 	 76 	 268
395598 	 266 	 74 	 268
395599 	 76 	 114 	 246
395600 	 264 	 74 	 78
395601 	 258 	 76 	 266
395602 	 262 	 74 	 80
395603 	 262 	 78 	 78
395604 	 506 	 74 	 268
395605 	 264 	 76 	 244
395606 	 74 	 72 	 266
395607 	 264 	 76 	 268
395608 	 266 	 74 	 270
395609 	 72 	 74 	 78
395610 	 74 	 72 	 272
395611 	 260 	 74 	 268
395612 	 260 	 74 	 128
395613 	 74 	 260 	 248
395614 	 266 	 74 	 1474
395615 	 266 	 74 	 272
395616 	 262 	 78 	 78
395617 	 266 	 242 	 78
395618 	 262 	 72 	 268
395619 	 266 	 74 	 266
395620 	 118 	 74 	 268
395621 	 72 	 72 	 270
395622 	 266 	 76 	 272
395623 	 266 	 78 	 274
395624 	 72 	 76 	 248
395625 	 74 	 74 	 766
395626 	 262 	 72 	 268
395627 	 260 	 74 	 100
395628 	 262 	 240 	 158
395629 	 262 	 78 	 268
395630 	 264 	 74 	 266
395631 	 158 	 76 	 266
395632 	 76 	 76 	 270
395633 	 266 	 76 	 270
395634 	 264 	 74 	 142
395635 	 258 	 240 	 240
395636 	 426 	 76 	 272
395637 	 268 	 74 	 266
395638 	 198 	 74 	 266
395639 	 74 	 72 	 268
395640 	 242 	 72 	 82
395641 	 262 	 78 	 268
395642 	 72 	 76 	 268
395643 	 72 	 74 	 268
395644 	 266 	 76 	 270
395645 	 262 	 74 	 80
395646 	 74 	 270 	 1396
395647 	 262 	 74 	 266
395648 	 264 	 74 	 270
395649 	 246 	 76 	 78
395650 	 72 	 74 	 268
395651 	 240 	 74 	 78
395652 	 240 	 74 	 78
395653 	 260 	 76 	 82
395654 	 268 	 74 	 80
395655 	 266 	 76 	 268
395656 	 260 	 80 	 246
395657 	 80 	 910 	 248
395658 	 266 	 74 	 266
395659 	 264 	 76 	 272
395660 	 268 	 74 	 264
395661 	 74 	 74 	 266
395662 	 262 	 72 	 268
395663 	 266 	 74 	 80
395664 	 264 	 242 	 172
395665 	 266 	 78 	 270
395666 	 264 	 74 	 272
395667 	 78 	 76 	 272
395668 	 72 	 76 	 244
395669 	 260 	 72 	 272
395670 	 266 	 76 	 268
395671 	 74 	 72 	 254
395672 	 72 	 72 	 78
395673 	 262 	 76 	 270
395674 	 244 	 80 	 80
395675 	 268 	 76 	 78
395676 	 262 	 74 	 270
395677 	 266 	 76 	 284
395678 	 72 	 74 	 1448
395679 	 72 	 264 	 252
395680 	 266 	 74 	 278
395681 	 264 	 74 	 268
395682 	 74 	 72 	 78
395683 	 72 	 74 	 268
395684 	 264 	 78 	 78
395685 	 260 	 74 	 194
395686 	 262 	 240 	 190
395687 	 260 	 74 	 272
395688 	 260 	 74 	 270
395689 	 1146 	 74 	 274
395690 	 74 	 268 	 246
395691 	 262 	 74 	 270
395692 	 264 	 72 	 266
395693 	 156 	 74 	 78
395694 	 76 	 74 	 266
395695 	 264 	 76 	 270
395696 	 264 	 74 	 264
395697 	 270 	 74 	 80
395698 	 262 	 74 	 78
395699 	 266 	 76 	 262
395700 	 262 	 72 	 270
395701 	 76 	 74 	 260
395702 	 262 	 74 	 270
395703 	 266 	 74 	 80
395704 	 260 	 80 	 78
395705 	 264 	 76 	 80
395706 	 264 	 76 	 274
395707 	 264 	 74 	 272
395708 	 76 	 266 	 248
395709 	 266 	 80 	 78
395710 	 264 	 76 	 1160
395711 	 238 	 76 	 82
395712 	 74 	 270 	 246
395713 	 264 	 74 	 266
395714 	 262 	 74 	 82
395715 	 264 	 80 	 80
395716 	 240 	 74 	 76
395717 	 264 	 78 	 272
395718 	 262 	 76 	 270
395719 	 74 	 268 	 244
395720 	 268 	 78 	 268
395721 	 998 	 76 	 80
395722 	 262 	 240 	 248
395723 	 260 	 72 	 78
395724 	 262 	 76 	 272
395725 	 264 	 74 	 268
395726 	 74 	 74 	 266
395727 	 260 	 78 	 274
395728 	 268 	 74 	 264
395729 	 74 	 74 	 246
395730 	 78 	 74 	 268
395731 	 266 	 76 	 78
395732 	 260 	 74 	 268
395733 	 74 	 268 	 246
395734 	 264 	 76 	 268
395735 	 264 	 76 	 266
395736 	 262 	 76 	 78
395737 	 264 	 72 	 78
395738 	 260 	 76 	 268
395739 	 264 	 76 	 266
395740 	 76 	 86 	 248
395741 	 242 	 76 	 78
395742 	 264 	 74 	 1162
395743 	 260 	 78 	 266
395744 	 242 	 76 	 80
395745 	 262 	 72 	 272
395746 	 268 	 74 	 264
395747 	 76 	 266 	 252
395748 	 266 	 74 	 268
395749 	 268 	 74 	 266
395750 	 266 	 74 	 76
395751 	 258 	 72 	 78
395752 	 266 	 78 	 270
395753 	 844 	 74 	 272
395754 	 70 	 264 	 246
395755 	 264 	 78 	 272
395756 	 262 	 74 	 78
395757 	 76 	 76 	 270
395758 	 72 	 72 	 268
395759 	 262 	 74 	 270
395760 	 264 	 74 	 74
395761 	 264 	 244 	 126
395762 	 264 	 76 	 268
395763 	 264 	 80 	 274
395764 	 78 	 78 	 268
395765 	 74 	 76 	 268
395766 	 264 	 74 	 266
395767 	 262 	 78 	 82
395768 	 268 	 244 	 142
395769 	 264 	 76 	 268
395770 	 262 	 74 	 268
395771 	 74 	 72 	 268
395772 	 74 	 74 	 264
395773 	 258 	 80 	 272
395774 	 260 	 76 	 1160
395775 	 72 	 264 	 248
395776 	 262 	 76 	 266
395777 	 260 	 76 	 270
395778 	 262 	 78 	 78
395779 	 240 	 74 	 78
395780 	 262 	 76 	 270
395781 	 260 	 74 	 268
395782 	 74 	 264 	 250
395783 	 262 	 76 	 270
395784 	 264 	 74 	 266
395785 	 780 	 74 	 274
395786 	 78 	 262 	 244
395787 	 262 	 74 	 270
395788 	 264 	 74 	 270
395789 	 260 	 74 	 78
395790 	 264 	 74 	 78
395791 	 264 	 74 	 264
395792 	 266 	 74 	 266
395793 	 74 	 264 	 250
395794 	 266 	 74 	 82
395795 	 264 	 74 	 272
395796 	 244 	 74 	 80
395797 	 266 	 212 	 78
395798 	 266 	 74 	 272
395799 	 264 	 74 	 272
395800 	 72 	 74 	 270
395801 	 78 	 78 	 152
395802 	 264 	 76 	 268
395803 	 260 	 72 	 78
395804 	 76 	 266 	 246
395805 	 262 	 74 	 270
395806 	 260 	 72 	 1160
395807 	 270 	 74 	 78
395808 	 264 	 258 	 78
395809 	 264 	 74 	 270
395810 	 268 	 74 	 266
395811 	 174 	 74 	 270
395812 	 74 	 74 	 274
395813 	 266 	 74 	 264
395814 	 266 	 74 	 78
395815 	 260 	 244 	 150
395816 	 268 	 74 	 272
395817 	 676 	 74 	 272
395818 	 74 	 76 	 268
395819 	 76 	 74 	 268
395820 	 262 	 76 	 270
395821 	 262 	 80 	 246
395822 	 72 	 74 	 270
395823 	 264 	 74 	 268
395824 	 264 	 76 	 268
395825 	 268 	 74 	 266
395826 	 268 	 74 	 78
395827 	 260 	 74 	 268
395828 	 266 	 76 	 266
395829 	 78 	 74 	 270
395830 	 260 	 76 	 266
395831 	 264 	 72 	 270
395832 	 264 	 72 	 268
395833 	 266 	 74 	 272
395834 	 268 	 74 	 268
395835 	 72 	 74 	 270
395836 	 76 	 74 	 268
395837 	 260 	 72 	 268
395838 	 1370 	 74 	 78
395839 	 262 	 238 	 248
395840 	 72 	 74 	 78
395841 	 264 	 74 	 266
395842 	 246 	 76 	 78
395843 	 74 	 266 	 248
395844 	 266 	 78 	 270
395845 	 264 	 74 	 270
395846 	 74 	 76 	 270
395847 	 76 	 76 	 268
395848 	 264 	 76 	 270
395849 	 564 	 78 	 272
395850 	 70 	 264 	 248
395851 	 264 	 76 	 82
395852 	 262 	 74 	 272
395853 	 264 	 74 	 78
395854 	 264 	 74 	 78
395855 	 260 	 74 	 270
395856 	 266 	 74 	 268
395857 	 74 	 264 	 248
395858 	 262 	 74 	 78
395859 	 266 	 74 	 268
395860 	 84 	 74 	 80
395861 	 74 	 74 	 268
395862 	 264 	 76 	 270
395863 	 262 	 76 	 266
395864 	 262 	 78 	 80
395865 	 264 	 76 	 78
395866 	 262 	 74 	 274
395867 	 260 	 76 	 268
395868 	 74 	 266 	 246
395869 	 262 	 74 	 76
395870 	 1318 	 74 	 272
395871 	 74 	 264 	 244
395872 	 76 	 74 	 282
395873 	 266 	 74 	 268
395874 	 240 	 80 	 78
395875 	 74 	 162 	 248
395876 	 266 	 74 	 266
395877 	 264 	 74 	 268
395878 	 72 	 74 	 272
395879 	 262 	 78 	 274
395880 	 266 	 80 	 272
395881 	 464 	 74 	 76
395882 	 72 	 262 	 242
395883 	 260 	 74 	 82
395884 	 262 	 74 	 268
395885 	 268 	 78 	 78
395886 	 236 	 76 	 78
395887 	 266 	 78 	 270
395888 	 266 	 74 	 270
395889 	 74 	 262 	 248
395890 	 266 	 74 	 272
395891 	 264 	 78 	 1430
395892 	 264 	 74 	 270
395893 	 76 	 178 	 248
395894 	 260 	 78 	 80
395895 	 266 	 80 	 272
395896 	 128 	 74 	 80
395897 	 70 	 70 	 268
395898 	 268 	 74 	 78
395899 	 260 	 76 	 272
395900 	 72 	 78 	 270
395901 	 238 	 76 	 78
395902 	 1252 	 78 	 270
395903 	 258 	 72 	 270
395904 	 242 	 76 	 78
395905 	 258 	 78 	 272
395906 	 264 	 74 	 270
395907 	 74 	 74 	 264
395908 	 262 	 76 	 270
395909 	 240 	 74 	 76
395910 	 74 	 72 	 268
395911 	 74 	 74 	 270
395912 	 264 	 76 	 272
395913 	 340 	 74 	 78
395914 	 264 	 244 	 210
395915 	 264 	 74 	 272
395916 	 266 	 74 	 274
395917 	 92 	 74 	 268
395918 	 72 	 76 	 266
395919 	 260 	 76 	 270
395920 	 264 	 78 	 268
395921 	 72 	 264 	 250
395922 	 264 	 74 	 264
395923 	 266 	 74 	 1280
395924 	 266 	 74 	 76
395925 	 264 	 242 	 80
395926 	 266 	 76 	 272
395927 	 266 	 72 	 268
395928 	 214 	 74 	 270
395929 	 76 	 74 	 272
395930 	 264 	 72 	 74
395931 	 262 	 76 	 274
395932 	 72 	 74 	 248
395933 	 78 	 78 	 80
395934 	 1104 	 76 	 80
395935 	 246 	 72 	 76
395936 	 72 	 264 	 248
395937 	 266 	 74 	 76
395938 	 258 	 72 	 268
395939 	 76 	 74 	 82
395940 	 74 	 74 	 264
395941 	 240 	 74 	 78
395942 	 238 	 72 	 80
395943 	 262 	 78 	 78
395944 	 264 	 74 	 78
395945 	 266 	 76 	 266
395946 	 260 	 72 	 268
395947 	 76 	 74 	 270
395948 	 264 	 74 	 82
395949 	 270 	 74 	 274
395950 	 76 	 74 	 270
395951 	 74 	 76 	 266
395952 	 262 	 74 	 264
395953 	 264 	 74 	 268
395954 	 74 	 264 	 248
395955 	 266 	 76 	 1178
395956 	 260 	 74 	 268
395957 	 242 	 76 	 78
395958 	 264 	 74 	 76
395959 	 262 	 76 	 272
395960 	 266 	 76 	 270
395961 	 78 	 74 	 270
395962 	 72 	 76 	 266
395963 	 262 	 72 	 270
395964 	 266 	 74 	 80
395965 	 74 	 264 	 244
395966 	 960 	 76 	 274
395967 	 260 	 74 	 270
395968 	 264 	 72 	 76
395969 	 240 	 76 	 78
395970 	 268 	 74 	 266
395971 	 264 	 74 	 270
395972 	 76 	 266 	 260
395973 	 260 	 74 	 270
395974 	 264 	 72 	 272
395975 	 264 	 76 	 82
395976 	 268 	 72 	 76
395977 	 266 	 76 	 272
395978 	 264 	 78 	 272
395979 	 78 	 266 	 248
395980 	 264 	 74 	 284
395981 	 264 	 72 	 268
395982 	 264 	 76 	 78
395983 	 246 	 76 	 82
395984 	 262 	 72 	 272
395985 	 266 	 76 	 270
395986 	 72 	 78 	 270
395987 	 264 	 76 	 1182
395988 	 266 	 74 	 268
395989 	 260 	 72 	 78
395990 	 74 	 262 	 244
395991 	 262 	 76 	 266
395992 	 260 	 74 	 266
395993 	 74 	 74 	 80
395994 	 72 	 74 	 80
395995 	 264 	 74 	 268
395996 	 266 	 74 	 264
395997 	 74 	 262 	 246
395998 	 910 	 74 	 270
395999 	 266 	 74 	 264
396000 	 74 	 74 	 272
396001 	 260 	 78 	 270
396002 	 262 	 74 	 266
396003 	 266 	 76 	 78
396004 	 236 	 76 	 78
396005 	 264 	 74 	 266
396006 	 262 	 74 	 264
396007 	 78 	 262 	 244
396008 	 260 	 76 	 270
396009 	 268 	 74 	 272
396010 	 102 	 76 	 78
396011 	 76 	 74 	 266
396012 	 256 	 72 	 268
396013 	 264 	 78 	 272
396014 	 266 	 74 	 268
396015 	 264 	 76 	 78
396016 	 264 	 78 	 272
396017 	 262 	 76 	 250
396018 	 74 	 76 	 270
396019 	 264 	 78 	 78
396020 	 264 	 74 	 268
396021 	 266 	 78 	 78
396022 	 240 	 76 	 80
396023 	 266 	 74 	 274
396024 	 264 	 78 	 272
396025 	 72 	 266 	 248
396026 	 262 	 76 	 82
396027 	 266 	 72 	 268
396028 	 260 	 74 	 82
396029 	 244 	 76 	 78
396030 	 806 	 76 	 270
396031 	 266 	 74 	 272
396032 	 72 	 78 	 270
396033 	 262 	 74 	 80
396034 	 266 	 74 	 268
396035 	 264 	 74 	 80
396036 	 240 	 72 	 80
396037 	 264 	 76 	 280
396038 	 264 	 74 	 270
396039 	 74 	 74 	 266
396040 	 260 	 76 	 266
396041 	 264 	 74 	 266
396042 	 266 	 74 	 78
396043 	 74 	 144 	 244
396044 	 268 	 74 	 268
396045 	 272 	 74 	 76
396046 	 74 	 74 	 270
396047 	 74 	 72 	 272
396048 	 264 	 74 	 266
396049 	 264 	 74 	 78
396050 	 70 	 266 	 248
396051 	 262 	 76 	 1162
396052 	 262 	 72 	 270
396053 	 240 	 74 	 78
396054 	 264 	 134 	 78
396055 	 264 	 76 	 272
396056 	 264 	 74 	 272
396057 	 74 	 72 	 266
396058 	 74 	 74 	 270
396059 	 266 	 78 	 272
396060 	 262 	 72 	 76
396061 	 266 	 242 	 106
396062 	 678 	 74 	 272
396063 	 266 	 74 	 272
396064 	 74 	 74 	 270
396065 	 70 	 72 	 272
396066 	 264 	 74 	 268
396067 	 262 	 74 	 266
396068 	 76 	 76 	 270
396069 	 262 	 76 	 284
396070 	 266 	 72 	 272
396071 	 266 	 74 	 270
396072 	 76 	 76 	 276
396073 	 264 	 76 	 270
396074 	 262 	 76 	 274
396075 	 72 	 78 	 250
396076 	 74 	 74 	 80
396077 	 262 	 74 	 268
396078 	 264 	 74 	 78
396079 	 262 	 240 	 78
396080 	 262 	 72 	 282
396081 	 260 	 74 	 270
396082 	 82 	 74 	 270
396083 	 72 	 74 	 950
396084 	 266 	 74 	 274
396085 	 264 	 76 	 270
396086 	 74 	 74 	 78
396087 	 74 	 74 	 268
396088 	 262 	 72 	 270
396089 	 262 	 74 	 266
396090 	 266 	 74 	 272
396091 	 264 	 74 	 80
396092 	 264 	 74 	 268
396093 	 268 	 74 	 268
396094 	 74 	 434 	 244
396095 	 266 	 74 	 264
396096 	 264 	 76 	 268
396097 	 264 	 74 	 78
396098 	 244 	 74 	 82
396099 	 264 	 76 	 268
396100 	 264 	 72 	 268
396101 	 76 	 264 	 250
396102 	 266 	 78 	 274
396103 	 266 	 72 	 268
396104 	 74 	 74 	 82
396105 	 72 	 264 	 246
396106 	 264 	 76 	 268
396107 	 264 	 78 	 270
396108 	 266 	 72 	 76
396109 	 266 	 76 	 84
396110 	 264 	 78 	 270
396111 	 268 	 76 	 268
396112 	 74 	 148 	 244
396113 	 264 	 72 	 268
396114 	 268 	 74 	 270
396115 	 70 	 76 	 80
396116 	 72 	 76 	 272
396117 	 262 	 74 	 268
396118 	 264 	 80 	 128
396119 	 76 	 264 	 246
396120 	 268 	 74 	 264
396121 	 264 	 76 	 78
396122 	 140 	 76 	 270
396123 	 74 	 74 	 264
396124 	 266 	 74 	 266
396125 	 260 	 74 	 116
396126 	 494 	 242 	 78
396127 	 266 	 74 	 264
396128 	 266 	 74 	 270
396129 	 260 	 74 	 272
396130 	 74 	 74 	 274
396131 	 264 	 74 	 272
396132 	 262 	 74 	 272
396133 	 268 	 74 	 268
396134 	 266 	 76 	 78
396135 	 264 	 76 	 268
396136 	 260 	 74 	 1356
396137 	 74 	 266 	 244
396138 	 244 	 74 	 80
396139 	 262 	 78 	 270
396140 	 72 	 78 	 272
396141 	 72 	 78 	 284
396142 	 264 	 74 	 270
396143 	 268 	 74 	 264
396144 	 70 	 266 	 248
396145 	 264 	 78 	 270
396146 	 264 	 72 	 268
396147 	 1186 	 74 	 74
396148 	 262 	 78 	 268
396149 	 264 	 72 	 268
396150 	 262 	 76 	 248
396151 	 74 	 72 	 268
396152 	 264 	 74 	 270
396153 	 264 	 76 	 272
396154 	 76 	 266 	 244
396155 	 262 	 74 	 84
396156 	 264 	 78 	 268
396157 	 72 	 74 	 272
396158 	 74 	 146 	 246
396159 	 264 	 76 	 76
396160 	 262 	 74 	 270
396161 	 72 	 72 	 268
396162 	 74 	 74 	 266
396163 	 262 	 72 	 80
396164 	 258 	 78 	 270
396165 	 74 	 76 	 274
396166 	 262 	 74 	 80
396167 	 260 	 74 	 272
396168 	 262 	 74 	 76
396169 	 236 	 78 	 78
396170 	 264 	 76 	 266
396171 	 264 	 74 	 268
396172 	 74 	 74 	 266
396173 	 74 	 76 	 266
396174 	 264 	 76 	 268
396175 	 268 	 74 	 78
396176 	 260 	 240 	 136
396177 	 268 	 74 	 268
396178 	 264 	 74 	 272
396179 	 1138 	 74 	 272
396180 	 74 	 260 	 252
396181 	 262 	 76 	 274
396182 	 262 	 74 	 268
396183 	 264 	 74 	 82
396184 	 260 	 72 	 80
396185 	 260 	 74 	 270
396186 	 262 	 76 	 268
396187 	 72 	 260 	 252
396188 	 262 	 74 	 80
396189 	 268 	 72 	 270
396190 	 266 	 74 	 270
396191 	 72 	 70 	 264
396192 	 264 	 74 	 76
396193 	 264 	 74 	 270
396194 	 264 	 78 	 80
396195 	 268 	 74 	 80
396196 	 266 	 74 	 268
396197 	 264 	 76 	 268
396198 	 74 	 264 	 250
396199 	 264 	 78 	 272
396200 	 262 	 74 	 1238
396201 	 264 	 74 	 246
396202 	 74 	 72 	 264
396203 	 262 	 74 	 264
396204 	 262 	 78 	 92
396205 	 72 	 260 	 244
396206 	 262 	 74 	 80
396207 	 260 	 76 	 268
396208 	 268 	 74 	 80
396209 	 238 	 74 	 76
396210 	 264 	 76 	 266
396211 	 1054 	 76 	 248
396212 	 76 	 262 	 244
396213 	 264 	 74 	 264
396214 	 262 	 74 	 266
396215 	 74 	 72 	 78
396216 	 74 	 74 	 282
396217 	 262 	 74 	 78
396218 	 260 	 74 	 268
396219 	 74 	 266 	 246
396220 	 264 	 74 	 272
396221 	 262 	 76 	 272
396222 	 146 	 74 	 270
396223 	 74 	 74 	 270
396224 	 266 	 76 	 272
396225 	 268 	 76 	 266
396226 	 74 	 74 	 78
396227 	 72 	 76 	 266
396228 	 264 	 76 	 268
396229 	 264 	 76 	 270
396230 	 80 	 118 	 248
396231 	 264 	 76 	 272
396232 	 264 	 72 	 1162
396233 	 238 	 74 	 80
396234 	 264 	 72 	 74
396235 	 264 	 74 	 264
396236 	 264 	 76 	 270
396237 	 76 	 78 	 272
396238 	 72 	 72 	 268
396239 	 262 	 76 	 268
396240 	 266 	 76 	 78
396241 	 74 	 264 	 244
396242 	 264 	 72 	 268
396243 	 918 	 76 	 272
396244 	 266 	 74 	 272
396245 	 266 	 76 	 78
396246 	 264 	 74 	 270
396247 	 268 	 76 	 266
396248 	 76 	 268 	 246
396249 	 262 	 76 	 274
396250 	 266 	 78 	 270
396251 	 264 	 76 	 76
396252 	 262 	 78 	 78
396253 	 262 	 74 	 280
396254 	 260 	 76 	 266
396255 	 76 	 262 	 244
396256 	 262 	 74 	 80
396257 	 262 	 78 	 268
396258 	 262 	 74 	 78
396259 	 244 	 72 	 78
396260 	 266 	 74 	 274
396261 	 264 	 74 	 270
396262 	 74 	 72 	 268
396263 	 236 	 74 	 80
396264 	 264 	 76 	 1154
396265 	 266 	 74 	 272
396266 	 76 	 264 	 244
396267 	 262 	 76 	 274
396268 	 264 	 76 	 266
396269 	 262 	 74 	 78
396270 	 260 	 72 	 80
396271 	 264 	 78 	 268
396272 	 264 	 74 	 268
396273 	 74 	 260 	 246
396274 	 242 	 78 	 78
396275 	 766 	 78 	 270
396276 	 72 	 260 	 246
396277 	 74 	 76 	 162
396278 	 266 	 76 	 270
396279 	 266 	 76 	 78
396280 	 266 	 242 	 82
396281 	 264 	 76 	 272
396282 	 266 	 74 	 272
396283 	 102 	 72 	 270
396284 	 74 	 82 	 88
396285 	 82 	 84 	 82
396286 	 264 	 242 	 80
396287 	 264 	 76 	 270
396288 	 260 	 74 	 274
396289 	 270 	 74 	 1132
396290 	 74 	 264 	 246
396291 	 262 	 72 	 272
396292 	 262 	 74 	 268
396293 	 262 	 76 	 78
396294 	 260 	 76 	 78
396295 	 266 	 74 	 272
396296 	 264 	 78 	 266
396297 	 74 	 268 	 246
396298 	 260 	 76 	 266
396299 	 264 	 72 	 266
396300 	 706 	 74 	 270
396301 	 72 	 260 	 246
396302 	 266 	 74 	 270
396303 	 262 	 74 	 264
396304 	 266 	 74 	 80
396305 	 266 	 74 	 78
396306 	 264 	 72 	 270
396307 	 262 	 76 	 270
396308 	 74 	 80 	 270
396309 	 240 	 74 	 78
396310 	 268 	 74 	 268
396311 	 244 	 76 	 78
396312 	 264 	 74 	 80
396313 	 262 	 74 	 266
396314 	 264 	 78 	 284
396315 	 72 	 74 	 272
396316 	 76 	 74 	 282
396317 	 264 	 72 	 266
396318 	 266 	 74 	 270
396319 	 74 	 268 	 248
396320 	 262 	 74 	 78
396321 	 1468 	 74 	 270
396322 	 72 	 266 	 246
396323 	 74 	 76 	 270
396324 	 266 	 78 	 276
396325 	 268 	 74 	 272
396326 	 74 	 268 	 246
396327 	 266 	 76 	 78
396328 	 264 	 74 	 268
396329 	 72 	 72 	 270
396330 	 74 	 76 	 272
396331 	 262 	 72 	 82
396332 	 634 	 76 	 82
396333 	 74 	 266 	 244
396334 	 74 	 74 	 268
396335 	 266 	 74 	 270
396336 	 244 	 76 	 76
396337 	 262 	 76 	 80
396338 	 260 	 74 	 266
396339 	 264 	 74 	 272
396340 	 72 	 74 	 270
396341 	 76 	 76 	 272
396342 	 260 	 74 	 80
396343 	 262 	 74 	 128
396344 	 266 	 74 	 84
396345 	 242 	 74 	 78
396346 	 266 	 74 	 272
396347 	 262 	 76 	 266
396348 	 76 	 262 	 244
396349 	 270 	 74 	 266
396350 	 264 	 76 	 268
396351 	 74 	 78 	 272
396352 	 74 	 76 	 266
396353 	 1312 	 74 	 268
396354 	 262 	 72 	 80
396355 	 266 	 244 	 76
396356 	 264 	 74 	 270
396357 	 266 	 78 	 272
396358 	 74 	 76 	 264
396359 	 72 	 74 	 266
396360 	 266 	 76 	 272
396361 	 264 	 74 	 76
396362 	 268 	 244 	 136
396363 	 264 	 74 	 274
396364 	 486 	 72 	 270
396365 	 70 	 74 	 270
396366 	 74 	 74 	 272
396367 	 262 	 74 	 272
396368 	 264 	 74 	 78
396369 	 262 	 242 	 198
396370 	 266 	 72 	 274
396371 	 264 	 74 	 270
396372 	 84 	 78 	 274
396373 	 72 	 74 	 270
396374 	 266 	 74 	 272
396375 	 264 	 76 	 272
396376 	 74 	 74 	 244
396377 	 70 	 76 	 268
396378 	 262 	 74 	 270
396379 	 244 	 74 	 82
396380 	 258 	 236 	 78
396381 	 260 	 74 	 268
396382 	 264 	 74 	 270
396383 	 74 	 76 	 268
396384 	 72 	 76 	 268
396385 	 1252 	 74 	 270
396386 	 264 	 74 	 78
396387 	 262 	 246 	 148
396388 	 262 	 74 	 270
396389 	 266 	 72 	 270
396390 	 76 	 74 	 272
396391 	 74 	 74 	 268
396392 	 262 	 78 	 270
396393 	 260 	 76 	 78
396394 	 74 	 262 	 250
396395 	 264 	 78 	 78
396396 	 368 	 74 	 272
396397 	 72 	 74 	 268
396398 	 70 	 76 	 268
396399 	 266 	 76 	 272
396400 	 268 	 76 	 120
396401 	 72 	 264 	 248
396402 	 264 	 76 	 76
396403 	 264 	 72 	 272
396404 	 74 	 74 	 270
396405 	 74 	 78 	 270
396406 	 262 	 74 	 1368
396407 	 262 	 74 	 270
396408 	 262 	 72 	 76
396409 	 74 	 144 	 248
396410 	 264 	 72 	 270
396411 	 264 	 74 	 272
396412 	 74 	 78 	 272
396413 	 72 	 76 	 272
396414 	 262 	 74 	 270
396415 	 262 	 78 	 272
396416 	 72 	 264 	 248
396417 	 1178 	 74 	 272
396418 	 264 	 76 	 268
396419 	 74 	 76 	 78
396420 	 72 	 72 	 270
396421 	 268 	 74 	 276
396422 	 266 	 74 	 130
396423 	 266 	 246 	 180
396424 	 264 	 74 	 268
396425 	 264 	 74 	 264
396426 	 86 	 74 	 272
396427 	 74 	 74 	 270
396428 	 258 	 78 	 268
396429 	 262 	 74 	 128
396430 	 260 	 244 	 208
396431 	 264 	 74 	 268
396432 	 266 	 74 	 272
396433 	 84 	 72 	 270
396434 	 72 	 74 	 268
396435 	 266 	 76 	 270
396436 	 262 	 72 	 78
396437 	 264 	 240 	 136
396438 	 266 	 78 	 1192
396439 	 266 	 76 	 270
396440 	 264 	 72 	 266
396441 	 78 	 84 	 244
396442 	 260 	 76 	 82
396443 	 266 	 76 	 274
396444 	 76 	 74 	 78
396445 	 76 	 74 	 156
396446 	 266 	 76 	 270
396447 	 264 	 74 	 78
396448 	 262 	 244 	 82
396449 	 1020 	 72 	 270
396450 	 262 	 74 	 270
396451 	 78 	 76 	 270
396452 	 74 	 74 	 272
396453 	 262 	 78 	 82
396454 	 262 	 74 	 168
396455 	 264 	 242 	 272
396456 	 264 	 72 	 266
396457 	 266 	 74 	 266
396458 	 90 	 74 	 270
396459 	 74 	 72 	 154
396460 	 264 	 74 	 270
396461 	 260 	 78 	 78
396462 	 264 	 242 	 78
396463 	 260 	 74 	 266
396464 	 260 	 76 	 270
396465 	 74 	 74 	 266
396466 	 74 	 74 	 272
396467 	 260 	 74 	 80
396468 	 260 	 74 	 76
396469 	 72 	 262 	 242
396470 	 264 	 74 	 80
396471 	 264 	 76 	 270
396472 	 240 	 74 	 78
396473 	 264 	 174 	 80
396474 	 262 	 74 	 264
396475 	 264 	 74 	 270
396476 	 132 	 74 	 270
396477 	 76 	 76 	 270
396478 	 264 	 76 	 268
396479 	 262 	 74 	 266
396480 	 72 	 74 	 82
396481 	 76 	 10936 	 256
396482 	 240 	 238 	 246
396483 	 242 	 242 	 246
396484 	 262 	 72 	 270
396485 	 260 	 242 	 242
396486 	 264 	 74 	 76
396487 	 264 	 78 	 82
396488 	 266 	 76 	 82
396489 	 240 	 74 	 80
396490 	 262 	 76 	 270
396491 	 266 	 72 	 270
396492 	 74 	 74 	 272
396493 	 264 	 72 	 272
396494 	 266 	 76 	 266
396495 	 264 	 74 	 80
396496 	 72 	 120 	 248
396497 	 266 	 78 	 268
396498 	 266 	 74 	 266
396499 	 78 	 76 	 78
396500 	 72 	 88 	 250
396501 	 270 	 74 	 268
396502 	 266 	 74 	 270
396503 	 76 	 74 	 76
396504 	 74 	 74 	 270
396505 	 264 	 74 	 272
396506 	 262 	 72 	 272
396507 	 76 	 262 	 244
396508 	 262 	 74 	 268
396509 	 262 	 76 	 266
396510 	 850 	 74 	 78
396511 	 262 	 78 	 78
396512 	 262 	 74 	 268
396513 	 262 	 76 	 250
396514 	 240 	 76 	 78
396515 	 238 	 240 	 256
396516 	 266 	 240 	 250
396517 	 266 	 242 	 246
396518 	 264 	 248 	 246
396519 	 262 	 238 	 246
396520 	 268 	 238 	 244
396521 	 374 	 242 	 244
396522 	 266 	 368 	 248
396523 	 260 	 244 	 248
396524 	 296 	 240 	 248
396525 	 260 	 192 	 248
396526 	 264 	 242 	 248
396527 	 264 	 240 	 246
396528 	 262 	 240 	 246
396529 	 264 	 242 	 248
396530 	 264 	 242 	 248
396531 	 264 	 1416 	 248
396532 	 262 	 246 	 246
396533 	 266 	 242 	 250
396534 	 264 	 244 	 248
396535 	 264 	 242 	 250
396536 	 266 	 244 	 248
396537 	 266 	 242 	 244
396538 	 262 	 246 	 248
396539 	 264 	 244 	 248
396540 	 262 	 242 	 248
396541 	 266 	 244 	 248
396542 	 776 	 242 	 248
396543 	 260 	 244 	 246
396544 	 258 	 236 	 244
396545 	 264 	 242 	 246
396546 	 262 	 244 	 248
396547 	 266 	 246 	 248
396548 	 260 	 244 	 246
396549 	 264 	 246 	 246
396550 	 266 	 240 	 246
396551 	 260 	 244 	 246
396552 	 256 	 246 	 244
396553 	 258 	 244 	 246
396554 	 266 	 242 	 248
396555 	 258 	 244 	 246
396556 	 262 	 240 	 304
396557 	 262 	 240 	 244
396558 	 262 	 244 	 246
396559 	 268 	 240 	 246
396560 	 270 	 242 	 248
396561 	 264 	 240 	 244
396562 	 264 	 246 	 248
396563 	 1444 	 246 	 248
396564 	 242 	 242 	 244
396565 	 266 	 242 	 246
396566 	 262 	 240 	 246
396567 	 242 	 244 	 248
396568 	 264 	 244 	 250
396569 	 264 	 242 	 248
396570 	 262 	 244 	 250
396571 	 264 	 244 	 246
396572 	 260 	 242 	 250
396573 	 264 	 282 	 346
396574 	 736 	 248 	 248
396575 	 266 	 240 	 248
396576 	 262 	 240 	 248
396577 	 260 	 242 	 248
396578 	 264 	 240 	 250
396579 	 266 	 242 	 248
396580 	 266 	 242 	 248
396581 	 262 	 240 	 248
396582 	 264 	 244 	 246
396583 	 268 	 244 	 250
396584 	 264 	 238 	 248
396585 	 264 	 244 	 250
396586 	 264 	 246 	 248
396587 	 264 	 240 	 248
396588 	 260 	 238 	 244
396589 	 262 	 240 	 248
396590 	 264 	 248 	 246
396591 	 258 	 240 	 248
396592 	 262 	 242 	 248
396593 	 258 	 296 	 248
396594 	 264 	 240 	 244
396595 	 1418 	 258 	 382
396596 	 410 	 296 	 248
396597 	 262 	 238 	 242
396598 	 240 	 244 	 244
396599 	 242 	 240 	 246
396600 	 242 	 74 	 268
396601 	 72 	 240 	 246
396602 	 72 	 74 	 272
396603 	 264 	 74 	 272
396604 	 266 	 74 	 272
396605 	 72 	 262 	 244
396606 	 484 	 74 	 270
396607 	 260 	 74 	 264
396608 	 86 	 74 	 266
396609 	 74 	 74 	 266
396610 	 264 	 74 	 266
396611 	 268 	 76 	 268
396612 	 72 	 260 	 246
396613 	 266 	 76 	 272
396614 	 264 	 74 	 266
396615 	 74 	 78 	 270
396616 	 70 	 74 	 80
396617 	 266 	 76 	 272
396618 	 268 	 76 	 270
396619 	 74 	 266 	 256
396620 	 266 	 78 	 268
396621 	 266 	 72 	 266
396622 	 74 	 74 	 272
396623 	 70 	 72 	 272
396624 	 264 	 78 	 272
396625 	 266 	 78 	 274
396626 	 72 	 264 	 258
396627 	 1324 	 74 	 272
396628 	 266 	 78 	 270
396629 	 76 	 74 	 272
396630 	 74 	 72 	 270
396631 	 264 	 76 	 270
396632 	 266 	 74 	 264
396633 	 74 	 262 	 244
396634 	 260 	 78 	 272
396635 	 266 	 74 	 282
396636 	 72 	 72 	 270
396637 	 74 	 74 	 268
396638 	 430 	 78 	 270
396639 	 260 	 76 	 268
396640 	 74 	 264 	 244
396641 	 266 	 76 	 270
396642 	 262 	 74 	 268
396643 	 72 	 74 	 268
396644 	 72 	 74 	 266
396645 	 262 	 78 	 266
396646 	 262 	 74 	 272
396647 	 74 	 264 	 248
396648 	 266 	 74 	 1384
396649 	 264 	 74 	 266
396650 	 264 	 74 	 250
396651 	 74 	 76 	 270
396652 	 266 	 74 	 268
396653 	 266 	 74 	 268
396654 	 74 	 264 	 250
396655 	 266 	 76 	 270
396656 	 260 	 72 	 278
396657 	 262 	 76 	 78
396658 	 240 	 126 	 76
396659 	 1142 	 72 	 272
396660 	 264 	 72 	 270
396661 	 264 	 72 	 242
396662 	 266 	 244 	 246
396663 	 258 	 312 	 252
396664 	 298 	 364 	 244
396665 	 266 	 242 	 248
396666 	 266 	 242 	 246
396667 	 242 	 240 	 248
396668 	 240 	 298 	 246
396669 	 244 	 296 	 298
396670 	 416 	 266 	 254